영역,진입 HTML ID,버튼명,판정,뷰어 URL,앱 진입 경로,이동 경로,경로가 정확히 일치하는 기존 HTML ID,관찰된 옵션,비고,재현 컨트롤 키
AI에게 묻기,ai-empty,세계시간 열기,공통 메뉴 후보 / 개별 결과 동일성 미검증,https://devdev-e6t.pages.dev/html/erp/?page=ai-empty,/erp/ai,,,,대표 공통 메뉴는 존재하나 이 조작과 동일한 결과인지는 이번 검사에서 확인하지 않음,BUTTON|세계시간 열기||1
AI에게 묻기,ai-empty,더보기,공통 메뉴 후보 / 개별 결과 동일성 미검증,https://devdev-e6t.pages.dev/html/erp/?page=ai-empty,/erp/ai,,,,대표 공통 메뉴는 존재하나 이 조작과 동일한 결과인지는 이번 검사에서 확인하지 않음,BUTTON|더보기||1
영업 성과,sales-sgd,세계시간 열기,공통 메뉴 후보 / 개별 결과 동일성 미검증,https://devdev-e6t.pages.dev/html/erp/?page=sales-sgd,/erp/sales,,,,대표 공통 메뉴는 존재하나 이 조작과 동일한 결과인지는 이번 검사에서 확인하지 않음,BUTTON|세계시간 열기||1
영업 성과,sales-sgd,더보기,공통 메뉴 후보 / 개별 결과 동일성 미검증,https://devdev-e6t.pages.dev/html/erp/?page=sales-sgd,/erp/sales,,,,대표 공통 메뉴는 존재하나 이 조작과 동일한 결과인지는 이번 검사에서 확인하지 않음,BUTTON|더보기||1
오늘 할 일,home-empty,세계시간 열기,공통 메뉴 후보 / 개별 결과 동일성 미검증,https://devdev-e6t.pages.dev/html/erp/?page=home-empty,/erp/home?state=empty,,,,대표 공통 메뉴는 존재하나 이 조작과 동일한 결과인지는 이번 검사에서 확인하지 않음,BUTTON|세계시간 열기||1
오늘 할 일,home-empty,더보기,공통 메뉴 후보 / 개별 결과 동일성 미검증,https://devdev-e6t.pages.dev/html/erp/?page=home-empty,/erp/home?state=empty,,,,대표 공통 메뉴는 존재하나 이 조작과 동일한 결과인지는 이번 검사에서 확인하지 않음,BUTTON|더보기||1
오늘 할 일,home-empty,오늘 처리 너비 조절,확대·배치 등 / 이번 클릭 검사 제외,https://devdev-e6t.pages.dev/html/erp/?page=home-empty,/erp/home?state=empty,,,,"화면 배치·확대 조작, 별도 업무 결과 화면 아님",BUTTON|오늘 처리 너비 조절||1
오늘 할 일,home-empty,문서 너비 조절,확대·배치 등 / 이번 클릭 검사 제외,https://devdev-e6t.pages.dev/html/erp/?page=home-empty,/erp/home?state=empty,,,,"화면 배치·확대 조작, 별도 업무 결과 화면 아님",BUTTON|문서 너비 조절||1
오늘 할 일,home-empty,정산·현금 너비 조절,확대·배치 등 / 이번 클릭 검사 제외,https://devdev-e6t.pages.dev/html/erp/?page=home-empty,/erp/home?state=empty,,,,"화면 배치·확대 조작, 별도 업무 결과 화면 아님",BUTTON|정산·현금 너비 조절||1
오늘 할 일,home-empty,일정 너비 조절,확대·배치 등 / 이번 클릭 검사 제외,https://devdev-e6t.pages.dev/html/erp/?page=home-empty,/erp/home?state=empty,,,,"화면 배치·확대 조작, 별도 업무 결과 화면 아님",BUTTON|일정 너비 조절||1
오늘 할 일,home-empty,선적 너비 조절,확대·배치 등 / 이번 클릭 검사 제외,https://devdev-e6t.pages.dev/html/erp/?page=home-empty,/erp/home?state=empty,,,,"화면 배치·확대 조작, 별도 업무 결과 화면 아님",BUTTON|선적 너비 조절||1
오늘 할 일,home-empty,업무 현황 너비 조절,확대·배치 등 / 이번 클릭 검사 제외,https://devdev-e6t.pages.dev/html/erp/?page=home-empty,/erp/home?state=empty,,,,"화면 배치·확대 조작, 별도 업무 결과 화면 아님",BUTTON|업무 현황 너비 조절||1
AI에게 묻기,ai-action-03,세계시간 보기,공통 메뉴 후보 / 개별 결과 동일성 미검증,https://devdev-e6t.pages.dev/html/erp/?page=ai-action-03,/erp/ai,,,,대표 공통 메뉴는 존재하나 이 조작과 동일한 결과인지는 이번 검사에서 확인하지 않음,BUTTON|세계시간 보기||1
AI에게 묻기,ai-action-03,현재 화면 새로고침,파일·계정·발송 등 / 이번 클릭 검사 제외,https://devdev-e6t.pages.dev/html/erp/?page=ai-action-03,/erp/ai,,,,"파일·브라우저·계정·발송 조작: 별도 상태 누락 여부와 분리, 실행 안 함",BUTTON|현재 화면 새로고침||1
문서 올리기,document-retry,세계시간 열기,공통 메뉴 후보 / 개별 결과 동일성 미검증,https://devdev-e6t.pages.dev/html/erp/?page=document-retry,/erp/documents/upload/ArrivalNotice_014W.pdf/review,,,,대표 공통 메뉴는 존재하나 이 조작과 동일한 결과인지는 이번 검사에서 확인하지 않음,BUTTON|세계시간 열기||1
문서 올리기,document-retry,더보기,공통 메뉴 후보 / 개별 결과 동일성 미검증,https://devdev-e6t.pages.dev/html/erp/?page=document-retry,/erp/documents/upload/ArrivalNotice_014W.pdf/review,,,,대표 공통 메뉴는 존재하나 이 조작과 동일한 결과인지는 이번 검사에서 확인하지 않음,BUTTON|더보기||1
문서 올리기,document-retry,축소,확대·배치 등 / 이번 클릭 검사 제외,https://devdev-e6t.pages.dev/html/erp/?page=document-retry,/erp/documents/upload/ArrivalNotice_014W.pdf/review,,,,"화면 배치·확대 조작, 별도 업무 결과 화면 아님",BUTTON|축소||1
문서 올리기,document-retry,확대,확대·배치 등 / 이번 클릭 검사 제외,https://devdev-e6t.pages.dev/html/erp/?page=document-retry,/erp/documents/upload/ArrivalNotice_014W.pdf/review,,,,"화면 배치·확대 조작, 별도 업무 결과 화면 아님",BUTTON|확대||1
문서 올리기,document-retry,전체 화면,확대·배치 등 / 이번 클릭 검사 제외,https://devdev-e6t.pages.dev/html/erp/?page=document-retry,/erp/documents/upload/ArrivalNotice_014W.pdf/review,,,,"화면 배치·확대 조작, 별도 업무 결과 화면 아님",BUTTON|전체 화면||1
오늘 할 일,home-action-02,오늘 처리 높이 조절,확대·배치 등 / 이번 클릭 검사 제외,https://devdev-e6t.pages.dev/html/erp/?page=home-action-02,/erp/home,,,,"화면 배치·확대 조작, 별도 업무 결과 화면 아님",BUTTON|오늘 처리 높이 조절||1
오늘 할 일,home-action-02,오늘 처리 크기 조절,확대·배치 등 / 이번 클릭 검사 제외,https://devdev-e6t.pages.dev/html/erp/?page=home-action-02,/erp/home,,,,"화면 배치·확대 조작, 별도 업무 결과 화면 아님",BUTTON|오늘 처리 크기 조절||1
오늘 할 일,home-action-02,문서 높이 조절,확대·배치 등 / 이번 클릭 검사 제외,https://devdev-e6t.pages.dev/html/erp/?page=home-action-02,/erp/home,,,,"화면 배치·확대 조작, 별도 업무 결과 화면 아님",BUTTON|문서 높이 조절||1
오늘 할 일,home-action-02,문서 크기 조절,확대·배치 등 / 이번 클릭 검사 제외,https://devdev-e6t.pages.dev/html/erp/?page=home-action-02,/erp/home,,,,"화면 배치·확대 조작, 별도 업무 결과 화면 아님",BUTTON|문서 크기 조절||1
오늘 할 일,home-action-02,정산·현금 높이 조절,확대·배치 등 / 이번 클릭 검사 제외,https://devdev-e6t.pages.dev/html/erp/?page=home-action-02,/erp/home,,,,"화면 배치·확대 조작, 별도 업무 결과 화면 아님",BUTTON|정산·현금 높이 조절||1
오늘 할 일,home-action-02,정산·현금 크기 조절,확대·배치 등 / 이번 클릭 검사 제외,https://devdev-e6t.pages.dev/html/erp/?page=home-action-02,/erp/home,,,,"화면 배치·확대 조작, 별도 업무 결과 화면 아님",BUTTON|정산·현금 크기 조절||1
오늘 할 일,home-action-02,일정 높이 조절,확대·배치 등 / 이번 클릭 검사 제외,https://devdev-e6t.pages.dev/html/erp/?page=home-action-02,/erp/home,,,,"화면 배치·확대 조작, 별도 업무 결과 화면 아님",BUTTON|일정 높이 조절||1
오늘 할 일,home-action-02,일정 크기 조절,확대·배치 등 / 이번 클릭 검사 제외,https://devdev-e6t.pages.dev/html/erp/?page=home-action-02,/erp/home,,,,"화면 배치·확대 조작, 별도 업무 결과 화면 아님",BUTTON|일정 크기 조절||1
오늘 할 일,home-action-02,선적 높이 조절,확대·배치 등 / 이번 클릭 검사 제외,https://devdev-e6t.pages.dev/html/erp/?page=home-action-02,/erp/home,,,,"화면 배치·확대 조작, 별도 업무 결과 화면 아님",BUTTON|선적 높이 조절||1
오늘 할 일,home-action-02,선적 크기 조절,확대·배치 등 / 이번 클릭 검사 제외,https://devdev-e6t.pages.dev/html/erp/?page=home-action-02,/erp/home,,,,"화면 배치·확대 조작, 별도 업무 결과 화면 아님",BUTTON|선적 크기 조절||1
오늘 할 일,home-action-02,업무 현황 높이 조절,확대·배치 등 / 이번 클릭 검사 제외,https://devdev-e6t.pages.dev/html/erp/?page=home-action-02,/erp/home,,,,"화면 배치·확대 조작, 별도 업무 결과 화면 아님",BUTTON|업무 현황 높이 조절||1
오늘 할 일,home-action-02,업무 현황 크기 조절,확대·배치 등 / 이번 클릭 검사 제외,https://devdev-e6t.pages.dev/html/erp/?page=home-action-02,/erp/home,,,,"화면 배치·확대 조작, 별도 업무 결과 화면 아님",BUTTON|업무 현황 크기 조절||1
오늘 할 일,home-action-03,세계시간 보기,공통 메뉴 후보 / 개별 결과 동일성 미검증,https://devdev-e6t.pages.dev/html/erp/?page=home-action-03,/erp/home,,,,대표 공통 메뉴는 존재하나 이 조작과 동일한 결과인지는 이번 검사에서 확인하지 않음,BUTTON|세계시간 보기||1
오늘 할 일,home-action-03,현재 화면 새로고침,파일·계정·발송 등 / 이번 클릭 검사 제외,https://devdev-e6t.pages.dev/html/erp/?page=home-action-03,/erp/home,,,,"파일·브라우저·계정·발송 조작: 별도 상태 누락 여부와 분리, 실행 안 함",BUTTON|현재 화면 새로고침||1
선적,shipment-review,세계시간 열기,공통 메뉴 후보 / 개별 결과 동일성 미검증,https://devdev-e6t.pages.dev/html/erp/?page=shipment-review,/erp/shipments,,,,대표 공통 메뉴는 존재하나 이 조작과 동일한 결과인지는 이번 검사에서 확인하지 않음,BUTTON|세계시간 열기||1
선적,shipment-review,더보기,공통 메뉴 후보 / 개별 결과 동일성 미검증,https://devdev-e6t.pages.dev/html/erp/?page=shipment-review,/erp/shipments,,,,대표 공통 메뉴는 존재하나 이 조작과 동일한 결과인지는 이번 검사에서 확인하지 않음,BUTTON|더보기||1
거래,deals-action-03,세계시간 보기,공통 메뉴 후보 / 개별 결과 동일성 미검증,https://devdev-e6t.pages.dev/html/erp/?page=deals-action-03,/erp/deals,,,,대표 공통 메뉴는 존재하나 이 조작과 동일한 결과인지는 이번 검사에서 확인하지 않음,BUTTON|세계시간 보기||1
거래,deals-action-03,현재 화면 새로고침,파일·계정·발송 등 / 이번 클릭 검사 제외,https://devdev-e6t.pages.dev/html/erp/?page=deals-action-03,/erp/deals,,,,"파일·브라우저·계정·발송 조작: 별도 상태 누락 여부와 분리, 실행 안 함",BUTTON|현재 화면 새로고침||1
영업 성과,sales-action-03,세계시간 보기,공통 메뉴 후보 / 개별 결과 동일성 미검증,https://devdev-e6t.pages.dev/html/erp/?page=sales-action-03,/erp/sales,,,,대표 공통 메뉴는 존재하나 이 조작과 동일한 결과인지는 이번 검사에서 확인하지 않음,BUTTON|세계시간 보기||1
영업 성과,sales-action-03,현재 화면 새로고침,파일·계정·발송 등 / 이번 클릭 검사 제외,https://devdev-e6t.pages.dev/html/erp/?page=sales-action-03,/erp/sales,,,,"파일·브라우저·계정·발송 조작: 별도 상태 누락 여부와 분리, 실행 안 함",BUTTON|현재 화면 새로고침||1
토큰,tokens-action-02,세계시간 보기,공통 메뉴 후보 / 개별 결과 동일성 미검증,https://devdev-e6t.pages.dev/html/erp/?page=tokens-action-02,/erp/settings/tokens,,,,대표 공통 메뉴는 존재하나 이 조작과 동일한 결과인지는 이번 검사에서 확인하지 않음,BUTTON|세계시간 보기||1
토큰,tokens-action-02,현재 화면 새로고침,파일·계정·발송 등 / 이번 클릭 검사 제외,https://devdev-e6t.pages.dev/html/erp/?page=tokens-action-02,/erp/settings/tokens,,,,"파일·브라우저·계정·발송 조작: 별도 상태 누락 여부와 분리, 실행 안 함",BUTTON|현재 화면 새로고침||1
거래,deal-dl-260704-02,세계시간 열기,공통 메뉴 후보 / 개별 결과 동일성 미검증,https://devdev-e6t.pages.dev/html/erp/?page=deal-dl-260704-02,/erp/deals/DL-260704-02,,,,대표 공통 메뉴는 존재하나 이 조작과 동일한 결과인지는 이번 검사에서 확인하지 않음,BUTTON|세계시간 열기||1
거래,deal-dl-260704-02,더보기,공통 메뉴 후보 / 개별 결과 동일성 미검증,https://devdev-e6t.pages.dev/html/erp/?page=deal-dl-260704-02,/erp/deals/DL-260704-02,,,,대표 공통 메뉴는 존재하나 이 조작과 동일한 결과인지는 이번 검사에서 확인하지 않음,BUTTON|더보기||1
결산 리포트,reports-action-03,세계시간 보기,공통 메뉴 후보 / 개별 결과 동일성 미검증,https://devdev-e6t.pages.dev/html/erp/?page=reports-action-03,/erp/reports,,,,대표 공통 메뉴는 존재하나 이 조작과 동일한 결과인지는 이번 검사에서 확인하지 않음,BUTTON|세계시간 보기||1
결산 리포트,reports-action-03,현재 화면 새로고침,파일·계정·발송 등 / 이번 클릭 검사 제외,https://devdev-e6t.pages.dev/html/erp/?page=reports-action-03,/erp/reports,,,,"파일·브라우저·계정·발송 조작: 별도 상태 누락 여부와 분리, 실행 안 함",BUTTON|현재 화면 새로고침||1
요금제,billing-action-02,세계시간 보기,공통 메뉴 후보 / 개별 결과 동일성 미검증,https://devdev-e6t.pages.dev/html/erp/?page=billing-action-02,/erp/settings/billing,,,,대표 공통 메뉴는 존재하나 이 조작과 동일한 결과인지는 이번 검사에서 확인하지 않음,BUTTON|세계시간 보기||1
요금제,billing-action-02,현재 화면 새로고침,파일·계정·발송 등 / 이번 클릭 검사 제외,https://devdev-e6t.pages.dev/html/erp/?page=billing-action-02,/erp/settings/billing,,,,"파일·브라우저·계정·발송 조작: 별도 상태 누락 여부와 분리, 실행 안 함",BUTTON|현재 화면 새로고침||1
문서 만들기,document-create-pi,세계시간 열기,공통 메뉴 후보 / 개별 결과 동일성 미검증,https://devdev-e6t.pages.dev/html/erp/?page=document-create-pi,/erp/documents/create,,,,대표 공통 메뉴는 존재하나 이 조작과 동일한 결과인지는 이번 검사에서 확인하지 않음,BUTTON|세계시간 열기||1
문서 만들기,document-create-pi,더보기,공통 메뉴 후보 / 개별 결과 동일성 미검증,https://devdev-e6t.pages.dev/html/erp/?page=document-create-pi,/erp/documents/create,,,,대표 공통 메뉴는 존재하나 이 조작과 동일한 결과인지는 이번 검사에서 확인하지 않음,BUTTON|더보기||1
증빙,evidence-action-03,세계시간 보기,공통 메뉴 후보 / 개별 결과 동일성 미검증,https://devdev-e6t.pages.dev/html/erp/?page=evidence-action-03,/erp/evidence,,,,대표 공통 메뉴는 존재하나 이 조작과 동일한 결과인지는 이번 검사에서 확인하지 않음,BUTTON|세계시간 보기||1
증빙,evidence-action-03,현재 화면 새로고침,파일·계정·발송 등 / 이번 클릭 검사 제외,https://devdev-e6t.pages.dev/html/erp/?page=evidence-action-03,/erp/evidence,,,,"파일·브라우저·계정·발송 조작: 별도 상태 누락 여부와 분리, 실행 안 함",BUTTON|현재 화면 새로고침||1
설정,settings-action-02,세계시간 보기,공통 메뉴 후보 / 개별 결과 동일성 미검증,https://devdev-e6t.pages.dev/html/erp/?page=settings-action-02,/erp/settings,,,,대표 공통 메뉴는 존재하나 이 조작과 동일한 결과인지는 이번 검사에서 확인하지 않음,BUTTON|세계시간 보기||1
설정,settings-action-02,현재 화면 새로고침,파일·계정·발송 등 / 이번 클릭 검사 제외,https://devdev-e6t.pages.dev/html/erp/?page=settings-action-02,/erp/settings,,,,"파일·브라우저·계정·발송 조작: 별도 상태 누락 여부와 분리, 실행 안 함",BUTTON|현재 화면 새로고침||1
설정,settings-action-09,내려받기,파일·계정·발송 등 / 이번 클릭 검사 제외,https://devdev-e6t.pages.dev/html/erp/?page=settings-action-09,/erp/settings,,,,"파일·브라우저·계정·발송 조작: 별도 상태 누락 여부와 분리, 실행 안 함",BUTTON|내려받기||1
설정,settings-action-12,CSV 파일을 선택하거나 끌어놓으세요필수 열과 형식을 먼저 확인합니다.,파일·계정·발송 등 / 이번 클릭 검사 제외,https://devdev-e6t.pages.dev/html/erp/?page=settings-action-12,/erp/settings,,,,"파일·브라우저·계정·발송 조작: 별도 상태 누락 여부와 분리, 실행 안 함",BUTTON|CSV 파일을 선택하거나 끌어놓으세요필수 열과 형식을 먼저 확인합니다.||1
결산 리포트,reports-close-check,세계시간 열기,공통 메뉴 후보 / 개별 결과 동일성 미검증,https://devdev-e6t.pages.dev/html/erp/?page=reports-close-check,/erp/reports,,,,대표 공통 메뉴는 존재하나 이 조작과 동일한 결과인지는 이번 검사에서 확인하지 않음,BUTTON|세계시간 열기||1
결산 리포트,reports-close-check,더보기,공통 메뉴 후보 / 개별 결과 동일성 미검증,https://devdev-e6t.pages.dev/html/erp/?page=reports-close-check,/erp/reports,,,,대표 공통 메뉴는 존재하나 이 조작과 동일한 결과인지는 이번 검사에서 확인하지 않음,BUTTON|더보기||1
문서 만들기,document-flow-draft,축소,확대·배치 등 / 이번 클릭 검사 제외,https://devdev-e6t.pages.dev/html/erp/?page=document-flow-draft,/erp/documents/create/CI-2026-0708,,,,"화면 배치·확대 조작, 별도 업무 결과 화면 아님",BUTTON|축소||1
문서 만들기,document-flow-draft,확대,확대·배치 등 / 이번 클릭 검사 제외,https://devdev-e6t.pages.dev/html/erp/?page=document-flow-draft,/erp/documents/create/CI-2026-0708,,,,"화면 배치·확대 조작, 별도 업무 결과 화면 아님",BUTTON|확대||1
문서 만들기,document-flow-draft,전체 화면,확대·배치 등 / 이번 클릭 검사 제외,https://devdev-e6t.pages.dev/html/erp/?page=document-flow-draft,/erp/documents/create/CI-2026-0708,,,,"화면 배치·확대 조작, 별도 업무 결과 화면 아님",BUTTON|전체 화면||1
선적,shipments-action-03,세계시간 보기,공통 메뉴 후보 / 개별 결과 동일성 미검증,https://devdev-e6t.pages.dev/html/erp/?page=shipments-action-03,/erp/shipments,,,,대표 공통 메뉴는 존재하나 이 조작과 동일한 결과인지는 이번 검사에서 확인하지 않음,BUTTON|세계시간 보기||1
선적,shipments-action-03,현재 화면 새로고침,파일·계정·발송 등 / 이번 클릭 검사 제외,https://devdev-e6t.pages.dev/html/erp/?page=shipments-action-03,/erp/shipments,,,,"파일·브라우저·계정·발송 조작: 별도 상태 누락 여부와 분리, 실행 안 함",BUTTON|현재 화면 새로고침||1
처음 시작하기,onboarding-action-03,세계시간 보기,공통 메뉴 후보 / 개별 결과 동일성 미검증,https://devdev-e6t.pages.dev/html/erp/?page=onboarding-action-03,/erp/onboarding,,,,대표 공통 메뉴는 존재하나 이 조작과 동일한 결과인지는 이번 검사에서 확인하지 않음,BUTTON|세계시간 보기||1
처음 시작하기,onboarding-action-03,현재 화면 새로고침,파일·계정·발송 등 / 이번 클릭 검사 제외,https://devdev-e6t.pages.dev/html/erp/?page=onboarding-action-03,/erp/onboarding,,,,"파일·브라우저·계정·발송 조작: 별도 상태 누락 여부와 분리, 실행 안 함",BUTTON|현재 화면 새로고침||1
처음 시작하기,onboarding-action-07,PDF 문서 선택,파일·계정·발송 등 / 이번 클릭 검사 제외,https://devdev-e6t.pages.dev/html/erp/?page=onboarding-action-07,/erp/onboarding,,,,"파일·브라우저·계정·발송 조작: 별도 상태 누락 여부와 분리, 실행 안 함",BUTTON|PDF 문서 선택||1
정산,settlement-action-03,세계시간 보기,공통 메뉴 후보 / 개별 결과 동일성 미검증,https://devdev-e6t.pages.dev/html/erp/?page=settlement-action-03,/erp/settlement,,,,대표 공통 메뉴는 존재하나 이 조작과 동일한 결과인지는 이번 검사에서 확인하지 않음,BUTTON|세계시간 보기||1
정산,settlement-action-03,현재 화면 새로고침,파일·계정·발송 등 / 이번 클릭 검사 제외,https://devdev-e6t.pages.dev/html/erp/?page=settlement-action-03,/erp/settlement,,,,"파일·브라우저·계정·발송 조작: 별도 상태 누락 여부와 분리, 실행 안 함",BUTTON|현재 화면 새로고침||1
운영 감시,monitoring-action-03,세계시간 보기,공통 메뉴 후보 / 개별 결과 동일성 미검증,https://devdev-e6t.pages.dev/html/erp/?page=monitoring-action-03,/erp/monitoring,,,,대표 공통 메뉴는 존재하나 이 조작과 동일한 결과인지는 이번 검사에서 확인하지 않음,BUTTON|세계시간 보기||1
운영 감시,monitoring-action-03,현재 화면 새로고침,파일·계정·발송 등 / 이번 클릭 검사 제외,https://devdev-e6t.pages.dev/html/erp/?page=monitoring-action-03,/erp/monitoring,,,,"파일·브라우저·계정·발송 조작: 별도 상태 누락 여부와 분리, 실행 안 함",BUTTON|현재 화면 새로고침||1
문서 만들기,document-flow-pending,초안 PDF 다운로드,파일·계정·발송 등 / 이번 클릭 검사 제외,https://devdev-e6t.pages.dev/html/erp/?page=document-flow-pending,/erp/documents/create/CI-2026-0708,,,,"파일·브라우저·계정·발송 조작: 별도 상태 누락 여부와 분리, 실행 안 함",BUTTON|초안 PDF 다운로드||1
문서 만들기,document-flow-summary,본문 PDF 다운로드,파일·계정·발송 등 / 이번 클릭 검사 제외,https://devdev-e6t.pages.dev/html/erp/?page=document-flow-summary,/erp/documents/create/CI-2026-0708,,,,"파일·브라우저·계정·발송 조작: 별도 상태 누락 여부와 분리, 실행 안 함",BUTTON|본문 PDF 다운로드||1
문서 만들기,document-flow-summary,전체 패키지 다운로드,파일·계정·발송 등 / 이번 클릭 검사 제외,https://devdev-e6t.pages.dev/html/erp/?page=document-flow-summary,/erp/documents/create/CI-2026-0708,,,,"파일·브라우저·계정·발송 조작: 별도 상태 누락 여부와 분리, 실행 안 함",BUTTON|전체 패키지 다운로드||1
설정,settings-notifications,세계시간 열기,공통 메뉴 후보 / 개별 결과 동일성 미검증,https://devdev-e6t.pages.dev/html/erp/?page=settings-notifications,/erp/settings,,,,대표 공통 메뉴는 존재하나 이 조작과 동일한 결과인지는 이번 검사에서 확인하지 않음,BUTTON|세계시간 열기||1
설정,settings-notifications,더보기,공통 메뉴 후보 / 개별 결과 동일성 미검증,https://devdev-e6t.pages.dev/html/erp/?page=settings-notifications,/erp/settings,,,,대표 공통 메뉴는 존재하나 이 조작과 동일한 결과인지는 이번 검사에서 확인하지 않음,BUTTON|더보기||1
알림,notifications-action-02,세계시간 보기,공통 메뉴 후보 / 개별 결과 동일성 미검증,https://devdev-e6t.pages.dev/html/erp/?page=notifications-action-02,/erp/notifications,,,,대표 공통 메뉴는 존재하나 이 조작과 동일한 결과인지는 이번 검사에서 확인하지 않음,BUTTON|세계시간 보기||1
알림,notifications-action-02,현재 화면 새로고침,파일·계정·발송 등 / 이번 클릭 검사 제외,https://devdev-e6t.pages.dev/html/erp/?page=notifications-action-02,/erp/notifications,,,,"파일·브라우저·계정·발송 조작: 별도 상태 누락 여부와 분리, 실행 안 함",BUTTON|현재 화면 새로고침||1
문서 올리기,document-invoice-connect,PDF 다운로드,파일·계정·발송 등 / 이번 클릭 검사 제외,https://devdev-e6t.pages.dev/html/erp/?page=document-invoice-connect,/erp/documents/upload/%EC%9D%B8%EB%B3%B4%EC%9D%B4%EC%8A%A4_2607_003.pdf/connect,,,,"파일·브라우저·계정·발송 조작: 별도 상태 누락 여부와 분리, 실행 안 함",BUTTON|PDF 다운로드||1
거래처,counterparties-action-03,세계시간 보기,공통 메뉴 후보 / 개별 결과 동일성 미검증,https://devdev-e6t.pages.dev/html/erp/?page=counterparties-action-03,/erp/counterparties,,,,대표 공통 메뉴는 존재하나 이 조작과 동일한 결과인지는 이번 검사에서 확인하지 않음,BUTTON|세계시간 보기||1
거래처,counterparties-action-03,현재 화면 새로고침,파일·계정·발송 등 / 이번 클릭 검사 제외,https://devdev-e6t.pages.dev/html/erp/?page=counterparties-action-03,/erp/counterparties,,,,"파일·브라우저·계정·발송 조작: 별도 상태 누락 여부와 분리, 실행 안 함",BUTTON|현재 화면 새로고침||1
문서 만들기,document-flow-link-copied,복사됨,파일·계정·발송 등 / 이번 클릭 검사 제외,https://devdev-e6t.pages.dev/html/erp/?page=document-flow-link-copied,/erp/documents/create/CI-2026-0708,,,,"파일·브라우저·계정·발송 조작: 별도 상태 누락 여부와 분리, 실행 안 함",BUTTON|복사됨||1
문서 만들기,document-flow-link-copied,새창,파일·계정·발송 등 / 이번 클릭 검사 제외,https://devdev-e6t.pages.dev/html/erp/?page=document-flow-link-copied,/erp/documents/create/CI-2026-0708,,,,"파일·브라우저·계정·발송 조작: 별도 상태 누락 여부와 분리, 실행 안 함",BUTTON|새창||1
문서 만들기,document-flow-link-copied,발송 요청 기록,파일·계정·발송 등 / 이번 클릭 검사 제외,https://devdev-e6t.pages.dev/html/erp/?page=document-flow-link-copied,/erp/documents/create/CI-2026-0708,,,,"파일·브라우저·계정·발송 조작: 별도 상태 누락 여부와 분리, 실행 안 함",BUTTON|발송 요청 기록||1
문서 올리기,document-upload-action-03,세계시간 보기,공통 메뉴 후보 / 개별 결과 동일성 미검증,https://devdev-e6t.pages.dev/html/erp/?page=document-upload-action-03,/erp/documents/upload,,,,대표 공통 메뉴는 존재하나 이 조작과 동일한 결과인지는 이번 검사에서 확인하지 않음,BUTTON|세계시간 보기||1
문서 올리기,document-upload-action-03,현재 화면 새로고침,파일·계정·발송 등 / 이번 클릭 검사 제외,https://devdev-e6t.pages.dev/html/erp/?page=document-upload-action-03,/erp/documents/upload,,,,"파일·브라우저·계정·발송 조작: 별도 상태 누락 여부와 분리, 실행 안 함",BUTTON|현재 화면 새로고침||1
문서 만들기,document-create-action-03,세계시간 보기,공통 메뉴 후보 / 개별 결과 동일성 미검증,https://devdev-e6t.pages.dev/html/erp/?page=document-create-action-03,/erp/documents/create,,,,대표 공통 메뉴는 존재하나 이 조작과 동일한 결과인지는 이번 검사에서 확인하지 않음,BUTTON|세계시간 보기||1
문서 만들기,document-create-action-03,현재 화면 새로고침,파일·계정·발송 등 / 이번 클릭 검사 제외,https://devdev-e6t.pages.dev/html/erp/?page=document-create-action-03,/erp/documents/create,,,,"파일·브라우저·계정·발송 조작: 별도 상태 누락 여부와 분리, 실행 안 함",BUTTON|현재 화면 새로고침||1
거래,deal-dl-260701-09-action-15,축소,확대·배치 등 / 이번 클릭 검사 제외,https://devdev-e6t.pages.dev/html/erp/?page=deal-dl-260701-09-action-15,/erp/deals/DL-260701-09,,,,"화면 배치·확대 조작, 별도 업무 결과 화면 아님",BUTTON|축소||1
거래,deal-dl-260701-09-action-15,확대,확대·배치 등 / 이번 클릭 검사 제외,https://devdev-e6t.pages.dev/html/erp/?page=deal-dl-260701-09-action-15,/erp/deals/DL-260701-09,,,,"화면 배치·확대 조작, 별도 업무 결과 화면 아님",BUTTON|확대||1
거래,deal-dl-260701-09-action-15,전체 화면,확대·배치 등 / 이번 클릭 검사 제외,https://devdev-e6t.pages.dev/html/erp/?page=deal-dl-260701-09-action-15,/erp/deals/DL-260701-09,,,,"화면 배치·확대 조작, 별도 업무 결과 화면 아님",BUTTON|전체 화면||1
거래,deal-dl-260701-09-action-15,PDF 다운로드,파일·계정·발송 등 / 이번 클릭 검사 제외,https://devdev-e6t.pages.dev/html/erp/?page=deal-dl-260701-09-action-15,/erp/deals/DL-260701-09,,,,"파일·브라우저·계정·발송 조작: 별도 상태 누락 여부와 분리, 실행 안 함",BUTTON|PDF 다운로드||1
오늘 할 일,home,2건 더 보기,화면·선택값 변화 관찰 / 결과 화면 중복 검토 필요,https://devdev-e6t.pages.dev/html/erp/?page=home,/erp/home,/erp/home,,,,BUTTON|2건 더 보기||1
거래,deals,1페이지,180ms 내 변화 없음 / 추가 확인 필요,https://devdev-e6t.pages.dev/html/erp/?page=deals,/erp/deals,/erp/deals,,,180ms 후 화면·선택값 변화 없음; 비동기 처리/동일 상태는 별도 확인 필요,BUTTON|1페이지||1
AI에게 묻기,ai-empty,AI 서류 처리,URL 이동 관찰 / 연결 누락 후보,https://devdev-e6t.pages.dev/html/erp/?page=ai-empty,/erp/ai,/erp/home,home; workspace-menu; product-menu; profile-menu; home-action-01; home-action-02; home-action-03; home-action-04; home-action-05; home-action-06; home-action-07; home-action-08,,,BUTTON|AI 서류 처리||1
AI에게 묻기,ai-empty,새 대화,화면·선택값 변화 관찰 / 결과 화면 중복 검토 필요,https://devdev-e6t.pages.dev/html/erp/?page=ai-empty,/erp/ai,/erp/ai,,,,BUTTON|새 대화||1
AI에게 묻기,ai-empty,질문하기,180ms 내 변화 없음 / 추가 확인 필요,https://devdev-e6t.pages.dev/html/erp/?page=ai-empty,/erp/ai,/erp/ai,,,180ms 후 화면·선택값 변화 없음; 비동기 처리/동일 상태는 별도 확인 필요,BUTTON|질문하기||1
AI에게 묻기,ai-empty,저장한 답변과 상세 조회,화면·선택값 변화 관찰 / 결과 화면 중복 검토 필요,https://devdev-e6t.pages.dev/html/erp/?page=ai-empty,/erp/ai,/erp/ai,,,,BUTTON|저장한 답변과 상세 조회||1
AI에게 묻기,ai-empty,파일 찾기,화면·선택값 변화 관찰 / 결과 화면 중복 검토 필요,https://devdev-e6t.pages.dev/html/erp/?page=ai-empty,/erp/ai,/erp/ai,,,,BUTTON|파일 찾기||1
AI에게 묻기,ai-empty,B/L이 누락된 거래필수 서류 미비 거래,화면·선택값 변화 관찰 / 결과 화면 중복 검토 필요,https://devdev-e6t.pages.dev/html/erp/?page=ai-empty,/erp/ai,/erp/ai,,,,BUTTON|B/L이 누락된 거래필수 서류 미비 거래||1
AI에게 묻기,ai-empty,GP가 낮아진 거래처최근 30일 영업 성과,화면·선택값 변화 관찰 / 결과 화면 중복 검토 필요,https://devdev-e6t.pages.dev/html/erp/?page=ai-empty,/erp/ai,/erp/ai,,,,BUTTON|GP가 낮아진 거래처최근 30일 영업 성과||1
AI에게 묻기,ai-empty,오늘 승인할 문서승인 대기 문서 2건,화면·선택값 변화 관찰 / 결과 화면 중복 검토 필요,https://devdev-e6t.pages.dev/html/erp/?page=ai-empty,/erp/ai,/erp/ai,,,,BUTTON|오늘 승인할 문서승인 대기 문서 2건||1
AI에게 묻기,ai-empty,참조 자료 없음연결된 문서·거래 없음,화면·선택값 변화 관찰 / 결과 화면 중복 검토 필요,https://devdev-e6t.pages.dev/html/erp/?page=ai-empty,/erp/ai,/erp/ai,,,,BUTTON|참조 자료 없음연결된 문서·거래 없음||1
AI에게 묻기,ai-empty,AI 분석 중업무 데이터를 조회하는 중,화면·선택값 변화 관찰 / 결과 화면 중복 검토 필요,https://devdev-e6t.pages.dev/html/erp/?page=ai-empty,/erp/ai,/erp/ai,,,,BUTTON|AI 분석 중업무 데이터를 조회하는 중||1
AI에게 묻기,ai-empty,최신 데이터 대기문서 분석 완료를 기다리는 중,화면·선택값 변화 관찰 / 결과 화면 중복 검토 필요,https://devdev-e6t.pages.dev/html/erp/?page=ai-empty,/erp/ai,/erp/ai,,,,BUTTON|최신 데이터 대기문서 분석 완료를 기다리는 중||1
선적,shipments,1페이지,180ms 내 변화 없음 / 추가 확인 필요,https://devdev-e6t.pages.dev/html/erp/?page=shipments,/erp/shipments,/erp/shipments,,,180ms 후 화면·선택값 변화 없음; 비동기 처리/동일 상태는 별도 확인 필요,BUTTON|1페이지||1
선적,shipments,2페이지,화면·선택값 변화 관찰 / 결과 화면 중복 검토 필요,https://devdev-e6t.pages.dev/html/erp/?page=shipments,/erp/shipments,/erp/shipments,,,,BUTTON|2페이지||1
선적,shipments,3페이지,화면·선택값 변화 관찰 / 결과 화면 중복 검토 필요,https://devdev-e6t.pages.dev/html/erp/?page=shipments,/erp/shipments,/erp/shipments,,,,BUTTON|3페이지||1
선적,shipments,다음 페이지,화면·선택값 변화 관찰 / 결과 화면 중복 검토 필요,https://devdev-e6t.pages.dev/html/erp/?page=shipments,/erp/shipments,/erp/shipments,,,,BUTTON|다음 페이지||1
영업 성과,sales-sgd,경영·성과,URL 이동 관찰 / 연결 누락 후보,https://devdev-e6t.pages.dev/html/erp/?page=sales-sgd,/erp/sales,/erp/monitoring,monitoring; monitoring-action-01; monitoring-action-02; monitoring-action-03; monitoring-action-04; monitoring-action-05; monitoring-action-07,,,BUTTON|경영·성과||1
영업 성과,sales-sgd,3개월,화면·선택값 변화 관찰 / 결과 화면 중복 검토 필요,https://devdev-e6t.pages.dev/html/erp/?page=sales-sgd,/erp/sales,/erp/sales,,,,BUTTON|3개월||1
영업 성과,sales-sgd,6개월,화면·선택값 변화 관찰 / 결과 화면 중복 검토 필요,https://devdev-e6t.pages.dev/html/erp/?page=sales-sgd,/erp/sales,/erp/sales,,,,BUTTON|6개월||1
영업 성과,sales-sgd,12개월,180ms 내 변화 없음 / 추가 확인 필요,https://devdev-e6t.pages.dev/html/erp/?page=sales-sgd,/erp/sales,/erp/sales,,,180ms 후 화면·선택값 변화 없음; 비동기 처리/동일 상태는 별도 확인 필요,BUTTON|12개월||1
영업 성과,sales-sgd,USD,화면·선택값 변화 관찰 / 결과 화면 중복 검토 필요,https://devdev-e6t.pages.dev/html/erp/?page=sales-sgd,/erp/sales,/erp/sales,,,,BUTTON|USD||1
영업 성과,sales-sgd,SGD,180ms 내 변화 없음 / 추가 확인 필요,https://devdev-e6t.pages.dev/html/erp/?page=sales-sgd,/erp/sales,/erp/sales,,,180ms 후 화면·선택값 변화 없음; 비동기 처리/동일 상태는 별도 확인 필요,BUTTON|SGD||1
영업 성과,sales-sgd,담당자 필터,화면·선택값 변화 관찰 / 결과 화면 중복 검토 필요,https://devdev-e6t.pages.dev/html/erp/?page=sales-sgd,/erp/sales,/erp/sales,,전체 담당자; 조민영; 김민지,,BUTTON|담당자 필터||1
정산,settlement,1페이지,180ms 내 변화 없음 / 추가 확인 필요,https://devdev-e6t.pages.dev/html/erp/?page=settlement,/erp/settlement,/erp/settlement,,,180ms 후 화면·선택값 변화 없음; 비동기 처리/동일 상태는 별도 확인 필요,BUTTON|1페이지||1
정산,settlement,2페이지,화면·선택값 변화 관찰 / 결과 화면 중복 검토 필요,https://devdev-e6t.pages.dev/html/erp/?page=settlement,/erp/settlement,/erp/settlement,,,,BUTTON|2페이지||1
정산,settlement,다음 페이지,화면·선택값 변화 관찰 / 결과 화면 중복 검토 필요,https://devdev-e6t.pages.dev/html/erp/?page=settlement,/erp/settlement,/erp/settlement,,,,BUTTON|다음 페이지||2
오늘 할 일,home-empty,AI 서류 처리,URL 이동 관찰 / 연결 누락 후보,https://devdev-e6t.pages.dev/html/erp/?page=home-empty,/erp/home?state=empty,/erp/home,home; workspace-menu; product-menu; profile-menu; home-action-01; home-action-02; home-action-03; home-action-04; home-action-05; home-action-06; home-action-07; home-action-08,,,BUTTON|AI 서류 처리||1
오늘 할 일,home-empty,이번 달 ACME 매출은?,화면·선택값 변화 관찰 / 결과 화면 중복 검토 필요,https://devdev-e6t.pages.dev/html/erp/?page=home-empty,/erp/home?state=empty,/erp/home?state=empty,,,,BUTTON|이번 달 ACME 매출은?||1
오늘 할 일,home-empty,확정 안 된 인보이스 몇 건?,화면·선택값 변화 관찰 / 결과 화면 중복 검토 필요,https://devdev-e6t.pages.dev/html/erp/?page=home-empty,/erp/home?state=empty,/erp/home?state=empty,,,,BUTTON|확정 안 된 인보이스 몇 건?||1
오늘 할 일,home-empty,미수금 거래처는?,화면·선택값 변화 관찰 / 결과 화면 중복 검토 필요,https://devdev-e6t.pages.dev/html/erp/?page=home-empty,/erp/home?state=empty,/erp/home?state=empty,,,,BUTTON|미수금 거래처는?||1
오늘 할 일,home-empty,초기화,화면·선택값 변화 관찰 / 결과 화면 중복 검토 필요,https://devdev-e6t.pages.dev/html/erp/?page=home-empty,/erp/home?state=empty,/erp/home?state=empty,,,,BUTTON|초기화||1
오늘 할 일,home-empty,업무판 배치 방식,화면·선택값 변화 관찰 / 결과 화면 중복 검토 필요,https://devdev-e6t.pages.dev/html/erp/?page=home-empty,/erp/home?state=empty,/erp/home?state=empty,,자동 재배치형 / 카드 크기에 따라 빈 공간을 다시 채웁니다.; 분할 조절형 / 맞닿은 카드끼리 영역을 나눠 가집니다.; 데이터 있음; 빈 상태,,BUTTON|업무판 배치 방식||1
오늘 할 일,home-error,오늘 먼저 처리할 업무는?,화면·선택값 변화 관찰 / 결과 화면 중복 검토 필요,https://devdev-e6t.pages.dev/html/erp/?page=home-error,/erp/home?state=error,/erp/home?state=error,,,,BUTTON|오늘 먼저 처리할 업무는?||1
오늘 할 일,home-error,입금 예정인 거래는?,화면·선택값 변화 관찰 / 결과 화면 중복 검토 필요,https://devdev-e6t.pages.dev/html/erp/?page=home-error,/erp/home?state=error,/erp/home?state=error,,,,BUTTON|입금 예정인 거래는?||1
오늘 할 일,home-error,확인할 서류가 있어?,화면·선택값 변화 관찰 / 결과 화면 중복 검토 필요,https://devdev-e6t.pages.dev/html/erp/?page=home-error,/erp/home?state=error,/erp/home?state=error,,,,BUTTON|확인할 서류가 있어?||1
오늘 할 일,home-error,내 거래,URL 이동 관찰 / 연결 누락 후보,https://devdev-e6t.pages.dev/html/erp/?page=home-error,/erp/home?state=error,/erp/deals,deals; deals-action-01; deals-action-02; deals-action-03; deals-action-04; deals-action-05; deals-action-06; deals-action-07; deals-action-08; deals-action-09; deals-action-10; deals-action-11; deals-action-12; deals-action-13; deals-action-14; deals-action-15; deals-action-16; deals-action-17; deals-action-18; deals-action-19; deals-action-20,,,BUTTON|내 거래||1
오늘 할 일,home-error,선적 보기,URL 이동 관찰 / 연결 누락 후보,https://devdev-e6t.pages.dev/html/erp/?page=home-error,/erp/home?state=error,/erp/shipments,shipments; shipment-review; shipment-invalid; shipment-completed; shipment-review-nordic; shipment-invalid-nordic; shipment-completed-nordic; shipments-action-02; shipments-action-03; shipments-action-05; shipments-action-06; shipments-action-07; shipments-action-08; shipments-action-09; shipments-action-11; shipments-action-12; shipments-action-13; shipments-action-14; shipments-action-15; shipments-action-16; shipments-action-17; shipments-action-19; shipments-action-21; shipments-action-22; shipments-action-23; shipments-action-24; shipments-action-25; shipments-action-26; shipments-action-27; shipments-action-38,,,BUTTON|선적 보기||1
오늘 할 일,home-error,다시 불러오기,화면·선택값 변화 관찰 / 결과 화면 중복 검토 필요,https://devdev-e6t.pages.dev/html/erp/?page=home-error,/erp/home?state=error,/erp/home?state=error,,,,BUTTON|다시 불러오기||1
AI에게 묻기,ai-action-06,조회 대상,화면·선택값 변화 관찰 / 결과 화면 중복 검토 필요,https://devdev-e6t.pages.dev/html/erp/?page=ai-action-06,/erp/ai,/erp/ai,,거래처별 등록 거래; ETA 기준 도착 예정; 출항 예정 선적; 문서에서 확인한 정보; 보관된 문서 본문; 현재 근거와 남은 업무; 현재 받을 돈·지급할 돈,,BUTTON|조회 대상||1
AI에게 묻기,ai-action-06,업무정보 조회,화면·선택값 변화 관찰 / 결과 화면 중복 검토 필요,https://devdev-e6t.pages.dev/html/erp/?page=ai-action-06,/erp/ai,/erp/ai,,,,BUTTON|업무정보 조회||1
AI에게 묻기,ai-action-06,모레 도착 예정,화면·선택값 변화 관찰 / 결과 화면 중복 검토 필요,https://devdev-e6t.pages.dev/html/erp/?page=ai-action-06,/erp/ai,/erp/ai,,,,BUTTON|모레 도착 예정||1
AI에게 묻기,ai-action-06,다음 주 출항 예정,화면·선택값 변화 관찰 / 결과 화면 중복 검토 필요,https://devdev-e6t.pages.dev/html/erp/?page=ai-action-06,/erp/ai,/erp/ai,,,,BUTTON|다음 주 출항 예정||1
AI에게 묻기,ai-action-06,거래에서 문서 계획·관계 확인,URL 이동 관찰 / 연결 누락 후보,https://devdev-e6t.pages.dev/html/erp/?page=ai-action-06,/erp/ai,/erp/deals,deals; deals-action-01; deals-action-02; deals-action-03; deals-action-04; deals-action-05; deals-action-06; deals-action-07; deals-action-08; deals-action-09; deals-action-10; deals-action-11; deals-action-12; deals-action-13; deals-action-14; deals-action-15; deals-action-16; deals-action-17; deals-action-18; deals-action-19; deals-action-20,,,BUTTON|거래에서 문서 계획·관계 확인||1
AI에게 묻기,ai-action-06,선적 연결·일정 확인,URL 이동 관찰 / 연결 누락 후보,https://devdev-e6t.pages.dev/html/erp/?page=ai-action-06,/erp/ai,/erp/shipments,shipments; shipment-review; shipment-invalid; shipment-completed; shipment-review-nordic; shipment-invalid-nordic; shipment-completed-nordic; shipments-action-02; shipments-action-03; shipments-action-05; shipments-action-06; shipments-action-07; shipments-action-08; shipments-action-09; shipments-action-11; shipments-action-12; shipments-action-13; shipments-action-14; shipments-action-15; shipments-action-16; shipments-action-17; shipments-action-19; shipments-action-21; shipments-action-22; shipments-action-23; shipments-action-24; shipments-action-25; shipments-action-26; shipments-action-27; shipments-action-38,,,BUTTON|선적 연결·일정 확인||1
AI에게 묻기,ai-action-07,SC-2026-0708.pdf판매계약서 · DL-260708-08 · ACME GmbH오늘 08:42,화면·선택값 변화 관찰 / 결과 화면 중복 검토 필요,https://devdev-e6t.pages.dev/html/erp/?page=ai-action-07,/erp/ai,/erp/ai,,,,BUTTON|SC-2026-0708.pdf판매계약서 · DL-260708-08 · ACME GmbH오늘 08:42||1
AI에게 묻기,ai-action-11,대화 기록 열기,화면·선택값 변화 관찰 / 결과 화면 중복 검토 필요,https://devdev-e6t.pages.dev/html/erp/?page=ai-action-11,/erp/ai,/erp/ai,,,,BUTTON|대화 기록 열기||2
AI에게 묻기,ai-action-13,검토·배정 대기 문서B/L 분석 중 1건문서,URL 이동 관찰 / 연결 누락 후보,https://devdev-e6t.pages.dev/html/erp/?page=ai-action-13,/erp/ai,/erp/documents/upload,document-upload; document-upload-action-02; document-upload-action-03; document-upload-action-04; document-upload-action-05; document-upload-action-06; document-upload-action-07; document-upload-action-08; document-upload-action-09; document-upload-action-10; document-upload-action-11; document-upload-action-12,,,BUTTON|검토·배정 대기 문서B/L 분석 중 1건문서||1
AI에게 묻기,ai-action-13,답변 복사,화면·선택값 변화 관찰 / 결과 화면 중복 검토 필요,https://devdev-e6t.pages.dev/html/erp/?page=ai-action-13,/erp/ai,/erp/ai,,,,BUTTON|답변 복사||1
AI에게 묻기,ai-action-13,답변 다시 생성,화면·선택값 변화 관찰 / 결과 화면 중복 검토 필요,https://devdev-e6t.pages.dev/html/erp/?page=ai-action-13,/erp/ai,/erp/ai,,,,BUTTON|답변 다시 생성||1
AI에게 묻기,ai-action-13,도움이 됨,화면·선택값 변화 관찰 / 결과 화면 중복 검토 필요,https://devdev-e6t.pages.dev/html/erp/?page=ai-action-13,/erp/ai,/erp/ai,,,,BUTTON|도움이 됨||1
AI에게 묻기,ai-action-13,도움이 되지 않음,화면·선택값 변화 관찰 / 결과 화면 중복 검토 필요,https://devdev-e6t.pages.dev/html/erp/?page=ai-action-13,/erp/ai,/erp/ai,,,,BUTTON|도움이 되지 않음||1
AI에게 묻기,ai-action-14,ACME GmbH최근 30일 GP 11.2% → 6.4%성과,URL 이동 관찰 / 연결 누락 후보,https://devdev-e6t.pages.dev/html/erp/?page=ai-action-14,/erp/ai,/erp/sales,sales; sales-sgd; sales-action-02; sales-action-03; sales-action-04; sales-action-05; sales-action-06; sales-action-07; sales-action-08; sales-action-09,,,BUTTON|ACME GmbH최근 30일 GP 11.2% → 6.4%성과||1
AI에게 묻기,ai-action-14,영업 성과거래처별 GP 분석리포트,URL 이동 관찰 / 연결 누락 후보,https://devdev-e6t.pages.dev/html/erp/?page=ai-action-14,/erp/ai,/erp/sales,sales; sales-sgd; sales-action-02; sales-action-03; sales-action-04; sales-action-05; sales-action-06; sales-action-07; sales-action-08; sales-action-09,,,BUTTON|영업 성과거래처별 GP 분석리포트||1
AI에게 묻기,ai-action-15,판매계약서 · SC-2026-0708.pdf박서윤 요청 · 은행 점검 통과승인,URL 이동 관찰 / 연결 누락 후보,https://devdev-e6t.pages.dev/html/erp/?page=ai-action-15,/erp/ai,/erp/documents/create,document-create; document-create-qt; document-create-pi; document-create-sc; document-create-po; document-create-ci; document-create-pl; document-create-si; document-create-bc; document-create-dlv; document-create-co; document-create-soa; document-create-dn; document-create-cn; document-items-added; document-item-deleted; document-items-empty; document-create-pi-items-added; document-create-pi-item-deleted; document-create-pi-items-empty; document-create-sc-items-added; document-create-sc-item-deleted; document-create-sc-items-empty; document-create-po-items-added; document-create-po-item-deleted; document-create-po-items-empty; document-create-ci-items-added; document-create-ci-item-deleted; document-create-ci-items-empty; document-create-pl-items-added; document-create-pl-item-deleted; document-create-pl-items-empty; document-create-dlv-items-added; document-create-dlv-item-deleted; document-create-dlv-items-empty; document-create-co-items-added; document-create-co-item-deleted; document-create-co-items-empty; document-create-action-02; document-create-action-03; document-create-action-04; document-create-qt-action-02; document-create-qt-action-03; document-create-qt-action-04; document-create-qt-action-05; document-create-qt-action-06; document-create-qt-action-07; document-create-qt-action-08,,,BUTTON|판매계약서 · SC-2026-0708.pdf박서윤 요청 · 은행 점검 통과승인||1
AI에게 묻기,ai-action-15,상업송장 · CI-2026-0703.pdf김도현 요청 · 거래 연결 확인승인,URL 이동 관찰 / 연결 누락 후보,https://devdev-e6t.pages.dev/html/erp/?page=ai-action-15,/erp/ai,/erp/documents/create,document-create; document-create-qt; document-create-pi; document-create-sc; document-create-po; document-create-ci; document-create-pl; document-create-si; document-create-bc; document-create-dlv; document-create-co; document-create-soa; document-create-dn; document-create-cn; document-items-added; document-item-deleted; document-items-empty; document-create-pi-items-added; document-create-pi-item-deleted; document-create-pi-items-empty; document-create-sc-items-added; document-create-sc-item-deleted; document-create-sc-items-empty; document-create-po-items-added; document-create-po-item-deleted; document-create-po-items-empty; document-create-ci-items-added; document-create-ci-item-deleted; document-create-ci-items-empty; document-create-pl-items-added; document-create-pl-item-deleted; document-create-pl-items-empty; document-create-dlv-items-added; document-create-dlv-item-deleted; document-create-dlv-items-empty; document-create-co-items-added; document-create-co-item-deleted; document-create-co-items-empty; document-create-action-02; document-create-action-03; document-create-action-04; document-create-qt-action-02; document-create-qt-action-03; document-create-qt-action-04; document-create-qt-action-05; document-create-qt-action-06; document-create-qt-action-07; document-create-qt-action-08,,,BUTTON|상업송장 · CI-2026-0703.pdf김도현 요청 · 거래 연결 확인승인||1
AI에게 묻기,ai-action-15,오늘 할 일승인 대기 업무 모아보기업무,URL 이동 관찰 / 연결 누락 후보,https://devdev-e6t.pages.dev/html/erp/?page=ai-action-15,/erp/ai,/erp/home,home; workspace-menu; product-menu; profile-menu; home-action-01; home-action-02; home-action-03; home-action-04; home-action-05; home-action-06; home-action-07; home-action-08,,,BUTTON|오늘 할 일승인 대기 업무 모아보기업무||1
AI에게 묻기,ai-action-18,다시 확인,화면·선택값 변화 관찰 / 결과 화면 중복 검토 필요,https://devdev-e6t.pages.dev/html/erp/?page=ai-action-18,/erp/ai,/erp/ai,,,,BUTTON|다시 확인||1
알림,notifications,현재 목록 전체 선택,화면·선택값 변화 관찰 / 결과 화면 중복 검토 필요,https://devdev-e6t.pages.dev/html/erp/?page=notifications,/erp/notifications,/erp/notifications,,,,BUTTON|현재 목록 전체 선택||1
알림,notifications,B/L 수량 불일치를 확인해주세요 선택,화면·선택값 변화 관찰 / 결과 화면 중복 검토 필요,https://devdev-e6t.pages.dev/html/erp/?page=notifications,/erp/notifications,/erp/notifications,,,,BUTTON|B/L 수량 불일치를 확인해주세요 선택||1
알림,notifications,판매계약서 승인 요청이 도착했습니다 선택,화면·선택값 변화 관찰 / 결과 화면 중복 검토 필요,https://devdev-e6t.pages.dev/html/erp/?page=notifications,/erp/notifications,/erp/notifications,,,,BUTTON|판매계약서 승인 요청이 도착했습니다 선택||1
알림,notifications,수입신고필증 업로드가 필요합니다 선택,화면·선택값 변화 관찰 / 결과 화면 중복 검토 필요,https://devdev-e6t.pages.dev/html/erp/?page=notifications,/erp/notifications,/erp/notifications,,,,BUTTON|수입신고필증 업로드가 필요합니다 선택||1
알림,notifications,내일 지급 예정인 정산이 있습니다 선택,화면·선택값 변화 관찰 / 결과 화면 중복 검토 필요,https://devdev-e6t.pages.dev/html/erp/?page=notifications,/erp/notifications,/erp/notifications,,,,BUTTON|내일 지급 예정인 정산이 있습니다 선택||1
알림,notifications,거래 문서 검토가 완료되었습니다 선택,화면·선택값 변화 관찰 / 결과 화면 중복 검토 필요,https://devdev-e6t.pages.dev/html/erp/?page=notifications,/erp/notifications,/erp/notifications,,,,BUTTON|거래 문서 검토가 완료되었습니다 선택||1
알림,notifications,선적 지연 위험이 해소되었습니다 선택,화면·선택값 변화 관찰 / 결과 화면 중복 검토 필요,https://devdev-e6t.pages.dev/html/erp/?page=notifications,/erp/notifications,/erp/notifications,,,,BUTTON|선적 지연 위험이 해소되었습니다 선택||1
문서 올리기,document-retry,AI 서류 처리,URL 이동 관찰 / 연결 누락 후보,https://devdev-e6t.pages.dev/html/erp/?page=document-retry,/erp/documents/upload/ArrivalNotice_014W.pdf/review,/erp/home,home; workspace-menu; product-menu; profile-menu; home-action-01; home-action-02; home-action-03; home-action-04; home-action-05; home-action-06; home-action-07; home-action-08,,,BUTTON|AI 서류 처리||1
문서 올리기,document-retry,"페이지 목록 열기, 현재 1 / 2 페이지",화면·선택값 변화 관찰 / 결과 화면 중복 검토 필요,https://devdev-e6t.pages.dev/html/erp/?page=document-retry,/erp/documents/upload/ArrivalNotice_014W.pdf/review,/erp/documents/upload/ArrivalNotice_014W.pdf/review,,,,"BUTTON|페이지 목록 열기, 현재 1 / 2 페이지||1"
문서 올리기,document-retry,다음 페이지,화면·선택값 변화 관찰 / 결과 화면 중복 검토 필요,https://devdev-e6t.pages.dev/html/erp/?page=document-retry,/erp/documents/upload/ArrivalNotice_014W.pdf/review,/erp/documents/upload/ArrivalNotice_014W.pdf/review,,,,BUTTON|다음 페이지||1
오늘 할 일,home-action-02,기록,현재 숨김·비활성 또는 키 불일치 / 확인 보류,https://devdev-e6t.pages.dev/html/erp/?page=home-action-02,/erp/home,,,,현재 상태에서 보이지 않거나 비활성,BUTTON|기록||1
오늘 할 일,home-action-02,보기,현재 숨김·비활성 또는 키 불일치 / 확인 보류,https://devdev-e6t.pages.dev/html/erp/?page=home-action-02,/erp/home,,,,현재 상태에서 보이지 않거나 비활성,BUTTON|보기||1
오늘 할 일,home-action-03,화면 권한 전환,화면·선택값 변화 관찰 / 결과 화면 중복 검토 필요,https://devdev-e6t.pages.dev/html/erp/?page=home-action-03,/erp/home,/erp/home,,Owner; Admin; Member,,BUTTON|화면 권한 전환||1
오늘 할 일,home-action-04,질문,URL 이동 관찰 / 연결 누락 후보,https://devdev-e6t.pages.dev/html/erp/?page=home-action-04,/erp/home,/erp/ai,ai; ai-answer; ai-empty; ai-loading; ai-action-02; ai-action-03; ai-action-04; ai-action-05; ai-action-06; ai-action-07; ai-action-08; ai-action-09; ai-action-10; ai-action-11; ai-action-12; ai-action-13; ai-action-14; ai-action-15; ai-action-16; ai-action-17; ai-action-18; ai-answer-action-02; ai-answer-action-03; ai-answer-action-04; ai-answer-action-05; ai-answer-action-06; ai-answer-action-08; ai-answer-action-09; ai-answer-action-10; ai-answer-action-11; ai-answer-action-12; ai-answer-action-13; ai-answer-action-14; ai-answer-action-15; ai-answer-action-16; ai-answer-action-17; ai-answer-action-18; ai-answer-action-19; ai-answer-action-20,,,BUTTON|질문||1
문서 올리기,document-upload,1페이지,180ms 내 변화 없음 / 추가 확인 필요,https://devdev-e6t.pages.dev/html/erp/?page=document-upload,/erp/documents/upload,/erp/documents/upload,,,180ms 후 화면·선택값 변화 없음; 비동기 처리/동일 상태는 별도 확인 필요,BUTTON|1페이지||1
문서 만들기,document-create,Next slide,180ms 내 변화 없음 / 추가 확인 필요,https://devdev-e6t.pages.dev/html/erp/?page=document-create,/erp/documents/create,/erp/documents/create,,,180ms 후 화면·선택값 변화 없음; 비동기 처리/동일 상태는 별도 확인 필요,BUTTON|Next slide||1
선적,shipment-review,기록,현재 숨김·비활성 또는 키 불일치 / 확인 보류,https://devdev-e6t.pages.dev/html/erp/?page=shipment-review,/erp/shipments,,,,현재 상태에서 보이지 않거나 비활성,BUTTON|기록||1
선적,shipment-review,SNAP 증거함,현재 숨김·비활성 또는 키 불일치 / 확인 보류,https://devdev-e6t.pages.dev/html/erp/?page=shipment-review,/erp/shipments,,,,현재 상태에서 보이지 않거나 비활성,BUTTON|SNAP 증거함||1
선적,shipment-review,전체,현재 숨김·비활성 또는 키 불일치 / 확인 보류,https://devdev-e6t.pages.dev/html/erp/?page=shipment-review,/erp/shipments,,,,현재 상태에서 보이지 않거나 비활성,BUTTON|전체||1
선적,shipment-review,전체 10,현재 숨김·비활성 또는 키 불일치 / 확인 보류,https://devdev-e6t.pages.dev/html/erp/?page=shipment-review,/erp/shipments,,,,현재 상태에서 보이지 않거나 비활성,BUTTON|전체 10||1
선적,shipment-review,반영 대기 3,현재 숨김·비활성 또는 키 불일치 / 확인 보류,https://devdev-e6t.pages.dev/html/erp/?page=shipment-review,/erp/shipments,,,,현재 상태에서 보이지 않거나 비활성,BUTTON|반영 대기 3||1
선적,shipment-review,확인 필요 5,현재 숨김·비활성 또는 키 불일치 / 확인 보류,https://devdev-e6t.pages.dev/html/erp/?page=shipment-review,/erp/shipments,,,,현재 상태에서 보이지 않거나 비활성,BUTTON|확인 필요 5||1
선적,shipment-review,반영 완료 2,현재 숨김·비활성 또는 키 불일치 / 확인 보류,https://devdev-e6t.pages.dev/html/erp/?page=shipment-review,/erp/shipments,,,,현재 상태에서 보이지 않거나 비활성,BUTTON|반영 완료 2||1
선적,shipment-review,7월 알루미늄 스크랩 수입,현재 숨김·비활성 또는 키 불일치 / 확인 보류,https://devdev-e6t.pages.dev/html/erp/?page=shipment-review,/erp/shipments,,,,현재 상태에서 보이지 않거나 비활성,BUTTON|7월 알루미늄 스크랩 수입|BL_HMM014W2607.pdf7월 알루미늄 스크랩 수입원문 ETA 날짜 오류확인 필요운영 날짜 검토|1
선적,shipment-review,6월 재활용 원자재 수입,현재 숨김·비활성 또는 키 불일치 / 확인 보류,https://devdev-e6t.pages.dev/html/erp/?page=shipment-review,/erp/shipments,,,,현재 상태에서 보이지 않거나 비활성,BUTTON|6월 재활용 원자재 수입|BL_COS26070134.pdf6월 재활용 원자재 수입운영 정보 반영 완료반영 완료처리 이력|1
선적,shipment-review,처리 이력,현재 숨김·비활성 또는 키 불일치 / 확인 보류,https://devdev-e6t.pages.dev/html/erp/?page=shipment-review,/erp/shipments,,,,현재 상태에서 보이지 않거나 비활성,BUTTON|처리 이력|BL_COS26070134.pdf6월 재활용 원자재 수입운영 정보 반영 완료반영 완료처리 이력|1
선적,shipment-review,ACME 7월 해상운송 계약,현재 숨김·비활성 또는 키 불일치 / 확인 보류,https://devdev-e6t.pages.dev/html/erp/?page=shipment-review,/erp/shipments,,,,현재 상태에서 보이지 않거나 비활성,BUTTON|ACME 7월 해상운송 계약|BL_MAEU26070481.pdfACME 7월 해상운송 계약확정 B/L 최초 반영 대기반영 대기다시 반영|1
선적,shipment-review,다시 반영,현재 숨김·비활성 또는 키 불일치 / 확인 보류,https://devdev-e6t.pages.dev/html/erp/?page=shipment-review,/erp/shipments,,,,현재 상태에서 보이지 않거나 비활성,BUTTON|다시 반영|BL_MAEU26070481.pdfACME 7월 해상운송 계약확정 B/L 최초 반영 대기반영 대기다시 반영|1
선적,shipment-review,Nordic 원자재 부산항 수입,현재 숨김·비활성 또는 키 불일치 / 확인 보류,https://devdev-e6t.pages.dev/html/erp/?page=shipment-review,/erp/shipments,,,,현재 상태에서 보이지 않거나 비활성,BUTTON|Nordic 원자재 부산항 수입|BL_CMDU26062541.pdfNordic 원자재 부산항 수입원문 ETD 날짜 오류확인 필요운영 날짜 검토|1
선적,shipment-review,싱가포르 구리 스크랩 매입,현재 숨김·비활성 또는 키 불일치 / 확인 보류,https://devdev-e6t.pages.dev/html/erp/?page=shipment-review,/erp/shipments,,,,현재 상태에서 보이지 않거나 비활성,BUTTON|싱가포르 구리 스크랩 매입|BL_ONEY26062973_R2.pdf싱가포르 구리 스크랩 매입추적 중인 컨테이너 번호와 불일치확인 필요연결 검토|1
선적,shipment-review,연결 검토,현재 숨김·비활성 또는 키 불일치 / 확인 보류,https://devdev-e6t.pages.dev/html/erp/?page=shipment-review,/erp/shipments,,,,현재 상태에서 보이지 않거나 비활성,BUTTON|연결 검토|BL_ONEY26062973_R2.pdf싱가포르 구리 스크랩 매입추적 중인 컨테이너 번호와 불일치확인 필요연결 검토|1
선적,shipment-review,HMM Green 재생 알루미늄 수입,현재 숨김·비활성 또는 키 불일치 / 확인 보류,https://devdev-e6t.pages.dev/html/erp/?page=shipment-review,/erp/shipments,,,,현재 상태에서 보이지 않거나 비활성,BUTTON|HMM Green 재생 알루미늄 수입|BL_HLCU26071125.pdfHMM Green 재생 알루미늄 수입원문 확정 취소 · 재확인 필요확인 필요연결 검토|1
선적,shipment-review,일본 내륙운송 발주,현재 숨김·비활성 또는 키 불일치 / 확인 보류,https://devdev-e6t.pages.dev/html/erp/?page=shipment-review,/erp/shipments,,,,현재 상태에서 보이지 않거나 비활성,BUTTON|일본 내륙운송 발주|BL_NYKS26071307.pdf일본 내륙운송 발주이전 반영 실패 · 재반영 대기반영 대기다시 반영|1
선적,shipment-review,SNAP 0장,현재 숨김·비활성 또는 키 불일치 / 확인 보류,https://devdev-e6t.pages.dev/html/erp/?page=shipment-review,/erp/shipments,,,,현재 상태에서 보이지 않거나 비활성,BUTTON|SNAP 0장|MSC26062077MSCU 8425510Singapore → BusanMSC Clara2026.06.28 / 2026.07.08ETA 기준증거 없음SNAP 0장지연 조치|1
선적,shipment-review,조치,현재 숨김·비활성 또는 키 불일치 / 확인 보류,https://devdev-e6t.pages.dev/html/erp/?page=shipment-review,/erp/shipments,,,,현재 상태에서 보이지 않거나 비활성,BUTTON|조치|MSC26062077MSCU 8425510Singapore → BusanMSC Clara2026.06.28 / 2026.07.08ETA 기준증거 없음SNAP 0장지연 조치|1
선적,shipment-review,SNAP 5장,현재 숨김·비활성 또는 키 불일치 / 확인 보류,https://devdev-e6t.pages.dev/html/erp/?page=shipment-review,/erp/shipments,,,,현재 상태에서 보이지 않거나 비활성,BUTTON|SNAP 5장|COS26070134COSU 2214870Qingdao → IncheonCOSCO Star2026.07.01 / 2026.07.06ETA 기준서류 완료SNAP 5장도착확인|1
선적,shipment-review,확인,현재 숨김·비활성 또는 키 불일치 / 확인 보류,https://devdev-e6t.pages.dev/html/erp/?page=shipment-review,/erp/shipments,,,,현재 상태에서 보이지 않거나 비활성,BUTTON|확인|COS26070134COSU 2214870Qingdao → IncheonCOSCO Star2026.07.01 / 2026.07.06ETA 기준서류 완료SNAP 5장도착확인|1
선적,shipment-review,SNAP 6장,현재 숨김·비활성 또는 키 불일치 / 확인 보류,https://devdev-e6t.pages.dev/html/erp/?page=shipment-review,/erp/shipments,,,,현재 상태에서 보이지 않거나 비활성,BUTTON|SNAP 6장|EGLV26063061EGHU 6021498Laem Chabang → BusanEver Balance2026.06.30 / 2026.07.14ETA 기준서류 완료SNAP 6장도착확인|1
선적,shipment-review,SNAP 8장,현재 숨김·비활성 또는 키 불일치 / 확인 보류,https://devdev-e6t.pages.dev/html/erp/?page=shipment-review,/erp/shipments,,,,현재 상태에서 보이지 않거나 비활성,BUTTON|SNAP 8장|HMM014W2607HMMU 7820194Busan → HamburgHMM Green2026.07.20 / 2026.08.03ETA 기준B/L 확인SNAP 8장운송 중확인|1
선적,shipment-review,SNAP 3장,현재 숨김·비활성 또는 키 불일치 / 확인 보류,https://devdev-e6t.pages.dev/html/erp/?page=shipment-review,/erp/shipments,,,,현재 상태에서 보이지 않거나 비활성,BUTTON|SNAP 3장|ONE26070819ONEU 1083275Shanghai → IncheonONE Harmony2026.07.10 / 2026.07.15ETA 기준B/L 누락SNAP 3장도착 임박확인|1
선적,shipment-review,페이지당,현재 숨김·비활성 또는 키 불일치 / 확인 보류,https://devdev-e6t.pages.dev/html/erp/?page=shipment-review,/erp/shipments,,,,현재 상태에서 보이지 않거나 비활성,BUTTON|페이지당||1
문서 올리기,document-retried,수정 필요,180ms 내 변화 없음 / 추가 확인 필요,https://devdev-e6t.pages.dev/html/erp/?page=document-retried,/erp/documents/upload/ArrivalNotice_014W.pdf/review,/erp/documents/upload/ArrivalNotice_014W.pdf/review,,,180ms 후 화면·선택값 변화 없음; 비동기 처리/동일 상태는 별도 확인 필요,BUTTON|수정 필요||1
문서 올리기,document-retried,필드 변경 이력AI 최초 추출 포함,화면·선택값 변화 관찰 / 결과 화면 중복 검토 필요,https://devdev-e6t.pages.dev/html/erp/?page=document-retried,/erp/documents/upload/ArrivalNotice_014W.pdf/review,/erp/documents/upload/ArrivalNotice_014W.pdf/review,,,,BUTTON|필드 변경 이력AI 최초 추출 포함||1
거래,deal-dl-260701-09,이전 확인 항목,화면·선택값 변화 관찰 / 결과 화면 중복 검토 필요,https://devdev-e6t.pages.dev/html/erp/?page=deal-dl-260701-09,/erp/deals/DL-260701-09,/erp/deals/DL-260701-09,,,,BUTTON|이전 확인 항목||1
거래,deal-dl-260701-09,다음 확인 항목,화면·선택값 변화 관찰 / 결과 화면 중복 검토 필요,https://devdev-e6t.pages.dev/html/erp/?page=deal-dl-260701-09,/erp/deals/DL-260701-09,/erp/deals/DL-260701-09,,,,BUTTON|다음 확인 항목||1
거래,deal-dl-260701-09,확인하기,화면·선택값 변화 관찰 / 결과 화면 중복 검토 필요,https://devdev-e6t.pages.dev/html/erp/?page=deal-dl-260701-09,/erp/deals/DL-260701-09,/erp/deals/DL-260701-09,,,,BUTTON|확인하기||1
거래,deal-dl-260701-09,문서 보기,화면·선택값 변화 관찰 / 결과 화면 중복 검토 필요,https://devdev-e6t.pages.dev/html/erp/?page=deal-dl-260701-09,/erp/deals/DL-260701-09,/erp/deals/DL-260701-09,,,,BUTTON|문서 보기||1
거래,deal-dl-260701-09,허용,화면·선택값 변화 관찰 / 결과 화면 중복 검토 필요,https://devdev-e6t.pages.dev/html/erp/?page=deal-dl-260701-09,/erp/deals/DL-260701-09,/erp/deals/DL-260701-09,,,,BUTTON|허용||1
거래,deal-dl-260701-09,노트 수정,화면·선택값 변화 관찰 / 결과 화면 중복 검토 필요,https://devdev-e6t.pages.dev/html/erp/?page=deal-dl-260701-09,/erp/deals/DL-260701-09,/erp/deals/DL-260701-09,,,,BUTTON|노트 수정||1
거래,deal-dl-260701-09,노트 삭제,화면·선택값 변화 관찰 / 결과 화면 중복 검토 필요,https://devdev-e6t.pages.dev/html/erp/?page=deal-dl-260701-09,/erp/deals/DL-260701-09,/erp/deals/DL-260701-09,,,,BUTTON|노트 삭제||1
거래,deal-dl-260701-09,활동 이력거래에서 수정된 모든 내역보기,화면·선택값 변화 관찰 / 결과 화면 중복 검토 필요,https://devdev-e6t.pages.dev/html/erp/?page=deal-dl-260701-09,/erp/deals/DL-260701-09,/erp/deals/DL-260701-09,,,,BUTTON|활동 이력거래에서 수정된 모든 내역보기||1
거래,deal-dl-260704-02,기록,URL 이동 관찰 / 연결 누락 후보,https://devdev-e6t.pages.dev/html/erp/?page=deal-dl-260704-02,/erp/deals/DL-260704-02,/erp/deals,deals; deals-action-01; deals-action-02; deals-action-03; deals-action-04; deals-action-05; deals-action-06; deals-action-07; deals-action-08; deals-action-09; deals-action-10; deals-action-11; deals-action-12; deals-action-13; deals-action-14; deals-action-15; deals-action-16; deals-action-17; deals-action-18; deals-action-19; deals-action-20,,,BUTTON|기록||1
거래,deal-dl-260704-02,거래 담당자,화면·선택값 변화 관찰 / 결과 화면 중복 검토 필요,https://devdev-e6t.pages.dev/html/erp/?page=deal-dl-260704-02,/erp/deals/DL-260704-02,/erp/deals/DL-260704-02,,조민영; 박서윤; 김도현; 미배정,,BUTTON|거래 담당자||1
거래,deal-dl-260704-02,공유 대상 2명,화면·선택값 변화 관찰 / 결과 화면 중복 검토 필요,https://devdev-e6t.pages.dev/html/erp/?page=deal-dl-260704-02,/erp/deals/DL-260704-02,/erp/deals/DL-260704-02,,,,BUTTON|공유 대상 2명||1
거래,deal-dl-260704-02,거래번호 수정,화면·선택값 변화 관찰 / 결과 화면 중복 검토 필요,https://devdev-e6t.pages.dev/html/erp/?page=deal-dl-260704-02,/erp/deals/DL-260704-02,/erp/deals/DL-260704-02,,,,BUTTON|거래번호 수정||1
거래,deal-dl-260704-02,리스크 개요 보기,180ms 내 변화 없음 / 추가 확인 필요,https://devdev-e6t.pages.dev/html/erp/?page=deal-dl-260704-02,/erp/deals/DL-260704-02,/erp/deals/DL-260704-02,,,180ms 후 화면·선택값 변화 없음; 비동기 처리/동일 상태는 별도 확인 필요,BUTTON|리스크 개요 보기||1
거래,deal-dl-260704-02,09:30 기준,화면·선택값 변화 관찰 / 결과 화면 중복 검토 필요,https://devdev-e6t.pages.dev/html/erp/?page=deal-dl-260704-02,/erp/deals/DL-260704-02,/erp/deals/DL-260704-02,,,,BUTTON|09:30 기준||1
거래,deal-dl-260704-02,노트 추가,화면·선택값 변화 관찰 / 결과 화면 중복 검토 필요,https://devdev-e6t.pages.dev/html/erp/?page=deal-dl-260704-02,/erp/deals/DL-260704-02,/erp/deals/DL-260704-02,,,,BUTTON|노트 추가||1
거래,deal-dl-260704-02,이 거래로 문서 올리기,URL 이동 관찰 / 연결 누락 후보,https://devdev-e6t.pages.dev/html/erp/?page=deal-dl-260704-02,/erp/deals/DL-260704-02,/erp/documents/upload,document-upload; document-upload-action-02; document-upload-action-03; document-upload-action-04; document-upload-action-05; document-upload-action-06; document-upload-action-07; document-upload-action-08; document-upload-action-09; document-upload-action-10; document-upload-action-11; document-upload-action-12,,,BUTTON|이 거래로 문서 올리기||1
거래,deal-dl-260704-02,이 거래로 문서 만들기,화면·선택값 변화 관찰 / 결과 화면 중복 검토 필요,https://devdev-e6t.pages.dev/html/erp/?page=deal-dl-260704-02,/erp/deals/DL-260704-02,/erp/deals/DL-260704-02,,,,BUTTON|이 거래로 문서 만들기||1
거래,deal-dl-260704-02,요약,180ms 내 변화 없음 / 추가 확인 필요,https://devdev-e6t.pages.dev/html/erp/?page=deal-dl-260704-02,/erp/deals/DL-260704-02,/erp/deals/DL-260704-02,,,180ms 후 화면·선택값 변화 없음; 비동기 처리/동일 상태는 별도 확인 필요,BUTTON|요약||1
거래,deal-dl-260704-02,상세,화면·선택값 변화 관찰 / 결과 화면 중복 검토 필요,https://devdev-e6t.pages.dev/html/erp/?page=deal-dl-260704-02,/erp/deals/DL-260704-02,/erp/deals/DL-260704-02,,,,BUTTON|상세||1
거래,deal-dl-260704-02,주문·선적,화면·선택값 변화 관찰 / 결과 화면 중복 검토 필요,https://devdev-e6t.pages.dev/html/erp/?page=deal-dl-260704-02,/erp/deals/DL-260704-02,/erp/deals/DL-260704-02,,,,BUTTON|주문·선적||1
거래,deal-dl-260704-02,관계자,화면·선택값 변화 관찰 / 결과 화면 중복 검토 필요,https://devdev-e6t.pages.dev/html/erp/?page=deal-dl-260704-02,/erp/deals/DL-260704-02,/erp/deals/DL-260704-02,,,,BUTTON|관계자||1
거래,deal-dl-260625-07,문서 고객 전달1,화면·선택값 변화 관찰 / 결과 화면 중복 검토 필요,https://devdev-e6t.pages.dev/html/erp/?page=deal-dl-260625-07,/erp/deals/DL-260625-07,/erp/deals/DL-260625-07,,,,BUTTON|문서 고객 전달1||1
거래,deal-dl-260708-01,문서 고객 전달3,화면·선택값 변화 관찰 / 결과 화면 중복 검토 필요,https://devdev-e6t.pages.dev/html/erp/?page=deal-dl-260708-01,/erp/deals/DL-260708-01,/erp/deals/DL-260708-01,,,,BUTTON|문서 고객 전달3||1
결산 리포트,reports-action-14,누락 문서 확인 완료,화면·선택값 변화 관찰 / 결과 화면 중복 검토 필요,https://devdev-e6t.pages.dev/html/erp/?page=reports-action-14,/erp/reports,/erp/reports,,,,BUTTON|누락 문서 확인 완료||1
문서 만들기,document-create-pi,AI 서류 처리,URL 이동 관찰 / 연결 누락 후보,https://devdev-e6t.pages.dev/html/erp/?page=document-create-pi,/erp/documents/create,/erp/home,home; workspace-menu; product-menu; profile-menu; home-action-01; home-action-02; home-action-03; home-action-04; home-action-05; home-action-06; home-action-07; home-action-08,,,BUTTON|AI 서류 처리||1
문서 만들기,document-create-pi,문서 유형,화면·선택값 변화 관찰 / 결과 화면 중복 검토 필요,https://devdev-e6t.pages.dev/html/erp/?page=document-create-pi,/erp/documents/create,/erp/documents/create,,,,BUTTON|문서 유형||1
문서 만들기,document-create-pi,문서함,180ms 내 변화 없음 / 추가 확인 필요,https://devdev-e6t.pages.dev/html/erp/?page=document-create-pi,/erp/documents/create,/erp/documents/create,,,180ms 후 화면·선택값 변화 없음; 비동기 처리/동일 상태는 별도 확인 필요,BUTTON|문서함||1
문서 만들기,document-create-pi,매출계약서_안심찬.pdf최근 문서 · 6개 필드 · 거래처 ACME GmbH · 조건 CIF Hamburg,화면·선택값 변화 관찰 / 결과 화면 중복 검토 필요,https://devdev-e6t.pages.dev/html/erp/?page=document-create-pi,/erp/documents/create,/erp/documents/create,,,,BUTTON|매출계약서_안심찬.pdf최근 문서 · 6개 필드 · 거래처 ACME GmbH · 조건 CIF Hamburg||1
문서 만들기,document-create-pi,품목 1 단위,현재 숨김·비활성 또는 키 불일치 / 확인 보류,https://devdev-e6t.pages.dev/html/erp/?page=document-create-pi,/erp/documents/create,,,,현재 상태에서 보이지 않거나 비활성,BUTTON|품목 1 단위|직접입력MT자동 계산 삭제|1
선적,shipment-completed,확인 필요 4,현재 숨김·비활성 또는 키 불일치 / 확인 보류,https://devdev-e6t.pages.dev/html/erp/?page=shipment-completed,/erp/shipments,,,,현재 상태에서 보이지 않거나 비활성,BUTTON|확인 필요 4||1
선적,shipment-completed,반영 완료 3,현재 숨김·비활성 또는 키 불일치 / 확인 보류,https://devdev-e6t.pages.dev/html/erp/?page=shipment-completed,/erp/shipments,,,,현재 상태에서 보이지 않거나 비활성,BUTTON|반영 완료 3||1
설정,settings-action-05,새 Organization,180ms 내 변화 없음 / 추가 확인 필요,https://devdev-e6t.pages.dev/html/erp/?page=settings-action-05,/erp/settings,/erp/settings?section=organizations,,,180ms 후 화면·선택값 변화 없음; 비동기 처리/동일 상태는 별도 확인 필요,BUTTON|새 Organization||1
설정,settings-action-05,한빛무역OWNER · 활성 제품 Trade OS · SNAP전환,화면·선택값 변화 관찰 / 결과 화면 중복 검토 필요,https://devdev-e6t.pages.dev/html/erp/?page=settings-action-05,/erp/settings,/erp/settings?section=organizations,,,,BUTTON|한빛무역OWNER · 활성 제품 Trade OS · SNAP전환||1
설정,settings-action-05,ECOYA Demo Co.현재 조직MEMBER · 활성 제품 Trade OS사용 중,180ms 내 변화 없음 / 추가 확인 필요,https://devdev-e6t.pages.dev/html/erp/?page=settings-action-05,/erp/settings,/erp/settings?section=organizations,,,180ms 후 화면·선택값 변화 없음; 비동기 처리/동일 상태는 별도 확인 필요,BUTTON|ECOYA Demo Co.현재 조직MEMBER · 활성 제품 Trade OS사용 중||1
설정,settings-action-05,거절,180ms 내 변화 없음 / 추가 확인 필요,https://devdev-e6t.pages.dev/html/erp/?page=settings-action-05,/erp/settings,/erp/settings?section=organizations,,,180ms 후 화면·선택값 변화 없음; 비동기 처리/동일 상태는 별도 확인 필요,BUTTON|거절||1
설정,settings-action-05,수락,180ms 내 변화 없음 / 추가 확인 필요,https://devdev-e6t.pages.dev/html/erp/?page=settings-action-05,/erp/settings,/erp/settings?section=organizations,,,180ms 후 화면·선택값 변화 없음; 비동기 처리/동일 상태는 별도 확인 필요,BUTTON|수락||1
설정,settings-action-06,조직 정보 저장,화면·선택값 변화 관찰 / 결과 화면 중복 검토 필요,https://devdev-e6t.pages.dev/html/erp/?page=settings-action-06,/erp/settings,/erp/settings?section=organization,,,,BUTTON|조직 정보 저장||1
설정,settings-action-07,멤버 초대,화면·선택값 변화 관찰 / 결과 화면 중복 검토 필요,https://devdev-e6t.pages.dev/html/erp/?page=settings-action-07,/erp/settings,/erp/settings?section=members,,,,BUTTON|멤버 초대||1
설정,settings-action-07,ADMIN,화면·선택값 변화 관찰 / 결과 화면 중복 검토 필요,https://devdev-e6t.pages.dev/html/erp/?page=settings-action-07,/erp/settings,/erp/settings?section=members,,OWNER; ADMIN; MEMBER,,BUTTON|ADMIN||1
설정,settings-action-07,접근 관리,180ms 내 변화 없음 / 추가 확인 필요,https://devdev-e6t.pages.dev/html/erp/?page=settings-action-07,/erp/settings,/erp/settings?section=members,,,180ms 후 화면·선택값 변화 없음; 비동기 처리/동일 상태는 별도 확인 필요,BUTTON|접근 관리||2
설정,settings-action-07,MEMBER,화면·선택값 변화 관찰 / 결과 화면 중복 검토 필요,https://devdev-e6t.pages.dev/html/erp/?page=settings-action-07,/erp/settings,/erp/settings?section=members,,OWNER; ADMIN; MEMBER,,BUTTON|MEMBER||1
설정,settings-action-07,초대 이메일 발송,화면·선택값 변화 관찰 / 결과 화면 중복 검토 필요,https://devdev-e6t.pages.dev/html/erp/?page=settings-action-07,/erp/settings,/erp/settings?section=members,,,,BUTTON|초대 이메일 발송||1
설정,settings-action-07,링크 복사,180ms 내 변화 없음 / 추가 확인 필요,https://devdev-e6t.pages.dev/html/erp/?page=settings-action-07,/erp/settings,/erp/settings?section=members,,,180ms 후 화면·선택값 변화 없음; 비동기 처리/동일 상태는 별도 확인 필요,BUTTON|링크 복사||1
설정,settings-action-07,다시 보내기,180ms 내 변화 없음 / 추가 확인 필요,https://devdev-e6t.pages.dev/html/erp/?page=settings-action-07,/erp/settings,/erp/settings?section=members,,,180ms 후 화면·선택값 변화 없음; 비동기 처리/동일 상태는 별도 확인 필요,BUTTON|다시 보내기||1
설정,settings-action-08,새로고침,180ms 내 변화 없음 / 추가 확인 필요,https://devdev-e6t.pages.dev/html/erp/?page=settings-action-08,/erp/settings,/erp/settings?section=products,,,180ms 후 화면·선택값 변화 없음; 비동기 처리/동일 상태는 별도 확인 필요,BUTTON|새로고침||1
설정,settings-action-08,플랜 보기,180ms 내 변화 없음 / 추가 확인 필요,https://devdev-e6t.pages.dev/html/erp/?page=settings-action-08,/erp/settings,/erp/settings?section=products,,,180ms 후 화면·선택값 변화 없음; 비동기 처리/동일 상태는 별도 확인 필요,BUTTON|플랜 보기||1
설정,settings-action-09,결제 관리 열기,180ms 내 변화 없음 / 추가 확인 필요,https://devdev-e6t.pages.dev/html/erp/?page=settings-action-09,/erp/settings,/erp/settings?section=billing,,,180ms 후 화면·선택값 변화 없음; 비동기 처리/동일 상태는 별도 확인 필요,BUTTON|결제 관리 열기||1
설정,settings-action-10,브랜딩 저장,화면·선택값 변화 관찰 / 결과 화면 중복 검토 필요,https://devdev-e6t.pages.dev/html/erp/?page=settings-action-10,/erp/settings,/erp/settings?section=trade-defaults,,,,BUTTON|브랜딩 저장||1
설정,settings-action-10,재인증 후 변경,180ms 내 변화 없음 / 추가 확인 필요,https://devdev-e6t.pages.dev/html/erp/?page=settings-action-10,/erp/settings,/erp/settings?section=trade-defaults,,,180ms 후 화면·선택값 변화 없음; 비동기 처리/동일 상태는 별도 확인 필요,BUTTON|재인증 후 변경||1
설정,settings-action-11,주소 복사,화면·선택값 변화 관찰 / 결과 화면 중복 검토 필요,https://devdev-e6t.pages.dev/html/erp/?page=settings-action-11,/erp/settings,/erp/settings?section=trade-email,,,,BUTTON|주소 복사||1
설정,settings-action-12,가져오기,180ms 내 변화 없음 / 추가 확인 필요,https://devdev-e6t.pages.dev/html/erp/?page=settings-action-12,/erp/settings,/erp/settings?section=trade-counterparty-import,,,180ms 후 화면·선택값 변화 없음; 비동기 처리/동일 상태는 별도 확인 필요,BUTTON|가져오기||1
설정,settings-action-14,별칭 추가,180ms 내 변화 없음 / 추가 확인 필요,https://devdev-e6t.pages.dev/html/erp/?page=settings-action-14,/erp/settings,/erp/settings?section=trade-aliases,,,180ms 후 화면·선택값 변화 없음; 비동기 처리/동일 상태는 별도 확인 필요,BUTTON|별칭 추가||1
설정,settings-action-14,병합 영향 미리보기,180ms 내 변화 없음 / 추가 확인 필요,https://devdev-e6t.pages.dev/html/erp/?page=settings-action-14,/erp/settings,/erp/settings?section=trade-aliases,,,180ms 후 화면·선택값 변화 없음; 비동기 처리/동일 상태는 별도 확인 필요,BUTTON|병합 영향 미리보기||1
설정,settings-action-15,제품 및 구독 보기,180ms 내 변화 없음 / 추가 확인 필요,https://devdev-e6t.pages.dev/html/erp/?page=settings-action-15,/erp/settings,/erp/settings?section=trade-usage,,,180ms 후 화면·선택값 변화 없음; 비동기 처리/동일 상태는 별도 확인 필요,BUTTON|제품 및 구독 보기||1
설정,settings-action-19,대한민국,화면·선택값 변화 관찰 / 결과 화면 중복 검토 필요,https://devdev-e6t.pages.dev/html/erp/?page=settings-action-19,/erp/settings,/erp/settings?section=snap-data,,대한민국; 싱가포르; 유럽 연합,,BUTTON|대한민국||1
설정,settings-action-19,데이터 정책 저장,화면·선택값 변화 관찰 / 결과 화면 중복 검토 필요,https://devdev-e6t.pages.dev/html/erp/?page=settings-action-19,/erp/settings,/erp/settings?section=snap-data,,,,BUTTON|데이터 정책 저장||1
설정,settings-action-19,조직 데이터 내보내기,180ms 내 변화 없음 / 추가 확인 필요,https://devdev-e6t.pages.dev/html/erp/?page=settings-action-19,/erp/settings,/erp/settings?section=snap-data,,,180ms 후 화면·선택값 변화 없음; 비동기 처리/동일 상태는 별도 확인 필요,BUTTON|조직 데이터 내보내기||1
설정,settings-action-19,감사 로그 보기,180ms 내 변화 없음 / 추가 확인 필요,https://devdev-e6t.pages.dev/html/erp/?page=settings-action-19,/erp/settings,/erp/settings?section=snap-data,,,180ms 후 화면·선택값 변화 없음; 비동기 처리/동일 상태는 별도 확인 필요,BUTTON|감사 로그 보기||1
결산 리포트,reports-close-check,경영·성과,현재 숨김·비활성 또는 키 불일치 / 확인 보류,https://devdev-e6t.pages.dev/html/erp/?page=reports-close-check,/erp/reports,,,,현재 상태에서 보이지 않거나 비활성,BUTTON|경영·성과||1
결산 리포트,reports-close-check,월,현재 숨김·비활성 또는 키 불일치 / 확인 보류,https://devdev-e6t.pages.dev/html/erp/?page=reports-close-check,/erp/reports,,,,현재 상태에서 보이지 않거나 비활성,BUTTON|월||1
결산 리포트,reports-close-check,주,현재 숨김·비활성 또는 키 불일치 / 확인 보류,https://devdev-e6t.pages.dev/html/erp/?page=reports-close-check,/erp/reports,,,,현재 상태에서 보이지 않거나 비활성,BUTTON|주||1
결산 리포트,reports-close-check,6개월,현재 숨김·비활성 또는 키 불일치 / 확인 보류,https://devdev-e6t.pages.dev/html/erp/?page=reports-close-check,/erp/reports,,,,현재 상태에서 보이지 않거나 비활성,BUTTON|6개월||1
결산 리포트,reports-close-check,12개월,현재 숨김·비활성 또는 키 불일치 / 확인 보류,https://devdev-e6t.pages.dev/html/erp/?page=reports-close-check,/erp/reports,,,,현재 상태에서 보이지 않거나 비활성,BUTTON|12개월||1
결산 리포트,reports-close-check,24개월,현재 숨김·비활성 또는 키 불일치 / 확인 보류,https://devdev-e6t.pages.dev/html/erp/?page=reports-close-check,/erp/reports,,,,현재 상태에서 보이지 않거나 비활성,BUTTON|24개월||1
결산 리포트,reports-close-check,USD,현재 숨김·비활성 또는 키 불일치 / 확인 보류,https://devdev-e6t.pages.dev/html/erp/?page=reports-close-check,/erp/reports,,,,현재 상태에서 보이지 않거나 비활성,BUTTON|USD||1
결산 리포트,reports-close-check,전체 담당자,현재 숨김·비활성 또는 키 불일치 / 확인 보류,https://devdev-e6t.pages.dev/html/erp/?page=reports-close-check,/erp/reports,,,,현재 상태에서 보이지 않거나 비활성,BUTTON|전체 담당자||1
결산 리포트,reports-close-check,다시 조회,현재 숨김·비활성 또는 키 불일치 / 확인 보류,https://devdev-e6t.pages.dev/html/erp/?page=reports-close-check,/erp/reports,,,,현재 상태에서 보이지 않거나 비활성,BUTTON|다시 조회||1
결산 리포트,reports-close-check,정산에서 일정 확인,현재 숨김·비활성 또는 키 불일치 / 확인 보류,https://devdev-e6t.pages.dev/html/erp/?page=reports-close-check,/erp/reports,,,,현재 상태에서 보이지 않거나 비활성,BUTTON|정산에서 일정 확인||1
결산 리포트,reports-close-check,정산에서 보기,현재 숨김·비활성 또는 키 불일치 / 확인 보류,https://devdev-e6t.pages.dev/html/erp/?page=reports-close-check,/erp/reports,,,,현재 상태에서 보이지 않거나 비활성,BUTTON|정산에서 보기||1
결산 리포트,reports-close-check,재개방,현재 숨김·비활성 또는 키 불일치 / 확인 보류,https://devdev-e6t.pages.dev/html/erp/?page=reports-close-check,/erp/reports,,,,현재 상태에서 보이지 않거나 비활성,BUTTON|재개방||1
문서 만들기,document-flow-draft,항목 수정,화면·선택값 변화 관찰 / 결과 화면 중복 검토 필요,https://devdev-e6t.pages.dev/html/erp/?page=document-flow-draft,/erp/documents/create/CI-2026-0708,/erp/documents/create/CI-2026-0708,,,,BUTTON|항목 수정||1
문서 만들기,document-flow-draft,거래 변경,화면·선택값 변화 관찰 / 결과 화면 중복 검토 필요,https://devdev-e6t.pages.dev/html/erp/?page=document-flow-draft,/erp/documents/create/CI-2026-0708,/erp/documents/create/CI-2026-0708,,,,BUTTON|거래 변경||1
문서 만들기,document-flow-draft,"페이지 목록 열기, 현재 1 / 2 페이지",화면·선택값 변화 관찰 / 결과 화면 중복 검토 필요,https://devdev-e6t.pages.dev/html/erp/?page=document-flow-draft,/erp/documents/create/CI-2026-0708,/erp/documents/create/CI-2026-0708,,,,"BUTTON|페이지 목록 열기, 현재 1 / 2 페이지||1"
문서 만들기,document-flow-draft,다음 페이지,화면·선택값 변화 관찰 / 결과 화면 중복 검토 필요,https://devdev-e6t.pages.dev/html/erp/?page=document-flow-draft,/erp/documents/create/CI-2026-0708,/erp/documents/create/CI-2026-0708,,,,BUTTON|다음 페이지||1
문서 만들기,document-flow-draft,모던,화면·선택값 변화 관찰 / 결과 화면 중복 검토 필요,https://devdev-e6t.pages.dev/html/erp/?page=document-flow-draft,/erp/documents/create/CI-2026-0708,/erp/documents/create/CI-2026-0708,,,,BUTTON|모던||1
문서 만들기,document-flow-draft,클래식,화면·선택값 변화 관찰 / 결과 화면 중복 검토 필요,https://devdev-e6t.pages.dev/html/erp/?page=document-flow-draft,/erp/documents/create/CI-2026-0708,/erp/documents/create/CI-2026-0708,,,,BUTTON|클래식||1
문서 만들기,document-flow-draft,강조색 #166dd7,화면·선택값 변화 관찰 / 결과 화면 중복 검토 필요,https://devdev-e6t.pages.dev/html/erp/?page=document-flow-draft,/erp/documents/create/CI-2026-0708,/erp/documents/create/CI-2026-0708,,,,BUTTON|강조색 #166dd7||1
문서 만들기,document-flow-draft,강조색 #0f766e,화면·선택값 변화 관찰 / 결과 화면 중복 검토 필요,https://devdev-e6t.pages.dev/html/erp/?page=document-flow-draft,/erp/documents/create/CI-2026-0708,/erp/documents/create/CI-2026-0708,,,,BUTTON|강조색 #0f766e||1
문서 만들기,document-flow-draft,강조색 #b45309,화면·선택값 변화 관찰 / 결과 화면 중복 검토 필요,https://devdev-e6t.pages.dev/html/erp/?page=document-flow-draft,/erp/documents/create/CI-2026-0708,/erp/documents/create/CI-2026-0708,,,,BUTTON|강조색 #b45309||1
문서 만들기,document-flow-draft,강조색 #334155,화면·선택값 변화 관찰 / 결과 화면 중복 검토 필요,https://devdev-e6t.pages.dev/html/erp/?page=document-flow-draft,/erp/documents/create/CI-2026-0708,/erp/documents/create/CI-2026-0708,,,,BUTTON|강조색 #334155||1
문서 만들기,document-flow-draft,승인 없이 진행,화면·선택값 변화 관찰 / 결과 화면 중복 검토 필요,https://devdev-e6t.pages.dev/html/erp/?page=document-flow-draft,/erp/documents/create/CI-2026-0708,/erp/documents/create/CI-2026-0708,,,,BUTTON|승인 없이 진행||1
문서 만들기,document-flow-draft,승인자 선택,화면·선택값 변화 관찰 / 결과 화면 중복 검토 필요,https://devdev-e6t.pages.dev/html/erp/?page=document-flow-draft,/erp/documents/create/CI-2026-0708,/erp/documents/create/CI-2026-0708,,,,BUTTON|승인자 선택||1
선적,shipments-action-14,검토한 정보 반영,화면·선택값 변화 관찰 / 결과 화면 중복 검토 필요,https://devdev-e6t.pages.dev/html/erp/?page=shipments-action-14,/erp/shipments,/erp/shipments,,,,BUTTON|검토한 정보 반영||1
AI에게 묻기,ai-answer-action-04,B/L이 누락된 거래,화면·선택값 변화 관찰 / 결과 화면 중복 검토 필요,https://devdev-e6t.pages.dev/html/erp/?page=ai-answer-action-04,/erp/ai,/erp/ai,,,,BUTTON|B/L이 누락된 거래||1
AI에게 묻기,ai-answer-action-04,GP가 낮아진 거래처,화면·선택값 변화 관찰 / 결과 화면 중복 검토 필요,https://devdev-e6t.pages.dev/html/erp/?page=ai-answer-action-04,/erp/ai,/erp/ai,,,,BUTTON|GP가 낮아진 거래처||1
AI에게 묻기,ai-answer-action-04,오늘 승인할 문서,화면·선택값 변화 관찰 / 결과 화면 중복 검토 필요,https://devdev-e6t.pages.dev/html/erp/?page=ai-answer-action-04,/erp/ai,/erp/ai,,,,BUTTON|오늘 승인할 문서||1
문서 만들기,document-items-added,지금 저장,재현 클릭 시간 초과 / 확인 보류,https://devdev-e6t.pages.dev/html/erp/?page=document-items-added,/erp/documents/create,,,,locator.click: Timeout 3500ms exceeded.,BUTTON|지금 저장||1
문서 만들기,document-items-added,품목 2 단위,재현 클릭 시간 초과 / 확인 보류,https://devdev-e6t.pages.dev/html/erp/?page=document-items-added,/erp/documents/create,,,,locator.click: Timeout 3500ms exceeded.,BUTTON|품목 2 단위|직접입력MT200 USD 삭제|1
문서 만들기,document-items-added,최근값 사용128333,재현 클릭 시간 초과 / 확인 보류,https://devdev-e6t.pages.dev/html/erp/?page=document-items-added,/erp/documents/create,,,,locator.click: Timeout 3500ms exceeded.,BUTTON|최근값 사용128333||1
문서 만들기,document-items-added,거래값 사용120000,재현 클릭 시간 초과 / 확인 보류,https://devdev-e6t.pages.dev/html/erp/?page=document-items-added,/erp/documents/create,,,,locator.click: Timeout 3500ms exceeded.,BUTTON|거래값 사용120000||1
문서 만들기,document-items-empty,되돌리기,화면·선택값 변화 관찰 / 결과 화면 중복 검토 필요,https://devdev-e6t.pages.dev/html/erp/?page=document-items-empty,/erp/documents/create,/erp/documents/create,,,,BUTTON|되돌리기|품목 없음되돌리기|1
처음 시작하기,onboarding-action-06,오너,180ms 내 변화 없음 / 추가 확인 필요,https://devdev-e6t.pages.dev/html/erp/?page=onboarding-action-06,/erp/onboarding,/erp/onboarding,,,180ms 후 화면·선택값 변화 없음; 비동기 처리/동일 상태는 별도 확인 필요,BUTTON|오너||1
처음 시작하기,onboarding-action-06,재무,화면·선택값 변화 관찰 / 결과 화면 중복 검토 필요,https://devdev-e6t.pages.dev/html/erp/?page=onboarding-action-06,/erp/onboarding,/erp/onboarding,,,,BUTTON|재무||1
처음 시작하기,onboarding-action-06,영업,화면·선택값 변화 관찰 / 결과 화면 중복 검토 필요,https://devdev-e6t.pages.dev/html/erp/?page=onboarding-action-06,/erp/onboarding,/erp/onboarding,,,,BUTTON|영업||1
처음 시작하기,onboarding-action-06,운영,화면·선택값 변화 관찰 / 결과 화면 중복 검토 필요,https://devdev-e6t.pages.dev/html/erp/?page=onboarding-action-06,/erp/onboarding,/erp/onboarding,,,,BUTTON|운영||1
처음 시작하기,onboarding-action-06,관리,화면·선택값 변화 관찰 / 결과 화면 중복 검토 필요,https://devdev-e6t.pages.dev/html/erp/?page=onboarding-action-06,/erp/onboarding,/erp/onboarding,,,,BUTTON|관리||1
처음 시작하기,onboarding-action-06,GP와 마진,화면·선택값 변화 관찰 / 결과 화면 중복 검토 필요,https://devdev-e6t.pages.dev/html/erp/?page=onboarding-action-06,/erp/onboarding,/erp/onboarding,,,,BUTTON|GP와 마진||1
처음 시작하기,onboarding-action-06,"현금, AR, AP",화면·선택값 변화 관찰 / 결과 화면 중복 검토 필요,https://devdev-e6t.pages.dev/html/erp/?page=onboarding-action-06,/erp/onboarding,/erp/onboarding,,,,"BUTTON|현금, AR, AP||1"
처음 시작하기,onboarding-action-06,거래처 리스크,화면·선택값 변화 관찰 / 결과 화면 중복 검토 필요,https://devdev-e6t.pages.dev/html/erp/?page=onboarding-action-06,/erp/onboarding,/erp/onboarding,,,,BUTTON|거래처 리스크||1
처음 시작하기,onboarding-action-06,문서 누락,화면·선택값 변화 관찰 / 결과 화면 중복 검토 필요,https://devdev-e6t.pages.dev/html/erp/?page=onboarding-action-06,/erp/onboarding,/erp/onboarding,,,,BUTTON|문서 누락||1
처음 시작하기,onboarding-action-06,물류 준비도,화면·선택값 변화 관찰 / 결과 화면 중복 검토 필요,https://devdev-e6t.pages.dev/html/erp/?page=onboarding-action-06,/erp/onboarding,/erp/onboarding,,,,BUTTON|물류 준비도||1
처음 시작하기,onboarding-action-06,영업 담당자 수익성,화면·선택값 변화 관찰 / 결과 화면 중복 검토 필요,https://devdev-e6t.pages.dev/html/erp/?page=onboarding-action-06,/erp/onboarding,/erp/onboarding,,,,BUTTON|영업 담당자 수익성||1
처음 시작하기,onboarding-action-06,이전,화면·선택값 변화 관찰 / 결과 화면 중복 검토 필요,https://devdev-e6t.pages.dev/html/erp/?page=onboarding-action-06,/erp/onboarding,/erp/onboarding,,,,BUTTON|이전||1
처음 시작하기,onboarding-action-06,다음,화면·선택값 변화 관찰 / 결과 화면 중복 검토 필요,https://devdev-e6t.pages.dev/html/erp/?page=onboarding-action-06,/erp/onboarding,/erp/onboarding,,,,BUTTON|다음||1
처음 시작하기,onboarding-action-08,제외,180ms 내 변화 없음 / 추가 확인 필요,https://devdev-e6t.pages.dev/html/erp/?page=onboarding-action-08,/erp/onboarding,/erp/onboarding,,,180ms 후 화면·선택값 변화 없음; 비동기 처리/동일 상태는 별도 확인 필요,BUTTON|제외||1
처음 시작하기,onboarding-action-08,승인,180ms 내 변화 없음 / 추가 확인 필요,https://devdev-e6t.pages.dev/html/erp/?page=onboarding-action-08,/erp/onboarding,/erp/onboarding,,,180ms 후 화면·선택값 변화 없음; 비동기 처리/동일 상태는 별도 확인 필요,BUTTON|승인||1
처음 시작하기,onboarding-action-09,팀원 초대,URL 이동 관찰 / 연결 누락 후보,https://devdev-e6t.pages.dev/html/erp/?page=onboarding-action-09,/erp/onboarding,/erp/settings,settings; settings-notifications; settings-action-01; settings-action-02; settings-action-04; settings-action-05; settings-action-06; settings-action-07; settings-action-08; settings-action-09; settings-action-10; settings-action-11; settings-action-12; settings-action-13; settings-action-14; settings-action-15; settings-action-16; settings-action-17; settings-action-18; settings-action-19; settings-action-20; settings-action-21; settings-action-22; settings-action-23; settings-action-24; settings-action-25,,,BUTTON|팀원 초대||1
처음 시작하기,onboarding-action-17,기존 문서 가져오기,화면·선택값 변화 관찰 / 결과 화면 중복 검토 필요,https://devdev-e6t.pages.dev/html/erp/?page=onboarding-action-17,/erp/onboarding,/erp/onboarding,,,,BUTTON|기존 문서 가져오기||1
처음 시작하기,onboarding-action-17,"초기 문서 가져오기최근 인보이스, PO, B/L 업로드완료됨",180ms 내 변화 없음 / 추가 확인 필요,https://devdev-e6t.pages.dev/html/erp/?page=onboarding-action-17,/erp/onboarding,/erp/onboarding,,,180ms 후 화면·선택값 변화 없음; 비동기 처리/동일 상태는 별도 확인 필요,"BUTTON|초기 문서 가져오기최근 인보이스, PO, B/L 업로드완료됨||1"
처음 시작하기,onboarding-action-18,추천 거래처 검토,화면·선택값 변화 관찰 / 결과 화면 중복 검토 필요,https://devdev-e6t.pages.dev/html/erp/?page=onboarding-action-18,/erp/onboarding,/erp/onboarding,,,,BUTTON|추천 거래처 검토||1
처음 시작하기,onboarding-action-18,첫 거래 검토첫 Confirm 완료 시 자동 체크완료됨,180ms 내 변화 없음 / 추가 확인 필요,https://devdev-e6t.pages.dev/html/erp/?page=onboarding-action-18,/erp/onboarding,/erp/onboarding,,,180ms 후 화면·선택값 변화 없음; 비동기 처리/동일 상태는 별도 확인 필요,BUTTON|첫 거래 검토첫 Confirm 완료 시 자동 체크완료됨||1
처음 시작하기,onboarding-action-19,설정 완료,화면·선택값 변화 관찰 / 결과 화면 중복 검토 필요,https://devdev-e6t.pages.dev/html/erp/?page=onboarding-action-19,/erp/onboarding,/erp/onboarding,,,,BUTTON|설정 완료||1
처음 시작하기,onboarding-action-19,첫 문서 업로드Inbox UploadZone으로 이동완료됨,180ms 내 변화 없음 / 추가 확인 필요,https://devdev-e6t.pages.dev/html/erp/?page=onboarding-action-19,/erp/onboarding,/erp/onboarding,,,180ms 후 화면·선택값 변화 없음; 비동기 처리/동일 상태는 별도 확인 필요,BUTTON|첫 문서 업로드Inbox UploadZone으로 이동완료됨||1
처음 시작하기,onboarding-action-20,첫 Confirm 완료Confirm 완료 시 자동 체크완료됨,180ms 내 변화 없음 / 추가 확인 필요,https://devdev-e6t.pages.dev/html/erp/?page=onboarding-action-20,/erp/onboarding,/erp/onboarding,,,180ms 후 화면·선택값 변화 없음; 비동기 처리/동일 상태는 별도 확인 필요,BUTTON|첫 Confirm 완료Confirm 완료 시 자동 체크완료됨||1
정산,settlement-action-16,초과금·조정·분쟁 처리,화면·선택값 변화 관찰 / 결과 화면 중복 검토 필요,https://devdev-e6t.pages.dev/html/erp/?page=settlement-action-16,/erp/settlement,/erp/settlement,,,,BUTTON|초과금·조정·분쟁 처리||1
정산,settlement-action-16,처리 기록 삭제,180ms 내 변화 없음 / 추가 확인 필요,https://devdev-e6t.pages.dev/html/erp/?page=settlement-action-16,/erp/settlement,/erp/settlement,,,180ms 후 화면·선택값 변화 없음; 비동기 처리/동일 상태는 별도 확인 필요,BUTTON|처리 기록 삭제||1
정산,settlement-action-22,Deal 보기,URL 이동 관찰 / 연결 누락 후보,https://devdev-e6t.pages.dev/html/erp/?page=settlement-action-22,/erp/settlement,/erp/deals,deals; deals-action-01; deals-action-02; deals-action-03; deals-action-04; deals-action-05; deals-action-06; deals-action-07; deals-action-08; deals-action-09; deals-action-10; deals-action-11; deals-action-12; deals-action-13; deals-action-14; deals-action-15; deals-action-16; deals-action-17; deals-action-18; deals-action-19; deals-action-20,,,BUTTON|Deal 보기||1
정산,settlement-action-22,Customer 360,URL 이동 관찰 / 연결 누락 후보,https://devdev-e6t.pages.dev/html/erp/?page=settlement-action-22,/erp/settlement,/erp/counterparties,counterparties; counterparties-action-02; counterparties-action-03,,,BUTTON|Customer 360||1
정산,settlement-action-22,DL-260704-04,URL 이동 관찰 / 연결 누락 후보,https://devdev-e6t.pages.dev/html/erp/?page=settlement-action-22,/erp/settlement,/erp/deals,deals; deals-action-01; deals-action-02; deals-action-03; deals-action-04; deals-action-05; deals-action-06; deals-action-07; deals-action-08; deals-action-09; deals-action-10; deals-action-11; deals-action-12; deals-action-13; deals-action-14; deals-action-15; deals-action-16; deals-action-17; deals-action-18; deals-action-19; deals-action-20,,,BUTTON|DL-260704-04||1
정산,settlement-action-25,HMM Green,URL 이동 관찰 / 연결 누락 후보,https://devdev-e6t.pages.dev/html/erp/?page=settlement-action-25,/erp/settlement,/erp/counterparties,counterparties; counterparties-action-02; counterparties-action-03,,,"BUTTON|HMM Green|보낼 돈HMM Green8,200 USD8,200 USD0 USD07.10DL-260625-03정산 완료완료 취소|1"
정산,settlement-action-29,기록 완료,화면·선택값 변화 관찰 / 결과 화면 중복 검토 필요,https://devdev-e6t.pages.dev/html/erp/?page=settlement-action-29,/erp/settlement,/erp/settlement,,,,BUTTON|기록 완료||1
운영 감시,monitoring-action-07,기록,URL 이동 관찰 / 연결 누락 후보,https://devdev-e6t.pages.dev/html/erp/?page=monitoring-action-07,/erp/monitoring,/erp/deals,deals; deals-action-01; deals-action-02; deals-action-03; deals-action-04; deals-action-05; deals-action-06; deals-action-07; deals-action-08; deals-action-09; deals-action-10; deals-action-11; deals-action-12; deals-action-13; deals-action-14; deals-action-15; deals-action-16; deals-action-17; deals-action-18; deals-action-19; deals-action-20,,,BUTTON|기록||1
문서 만들기,document-flow-pending,승인 검토,180ms 내 변화 없음 / 추가 확인 필요,https://devdev-e6t.pages.dev/html/erp/?page=document-flow-pending,/erp/documents/create/CI-2026-0708,/erp/documents/create/CI-2026-0708,,,180ms 후 화면·선택값 변화 없음; 비동기 처리/동일 상태는 별도 확인 필요,BUTTON|승인 검토||1
문서 만들기,document-flow-summary,문서로 돌아가기,재현 클릭 시간 초과 / 확인 보류,https://devdev-e6t.pages.dev/html/erp/?page=document-flow-summary,/erp/documents/create/CI-2026-0708,,,,locator.click: Timeout 3500ms exceeded.,BUTTON|문서로 돌아가기||1
문서 만들기,document-flow-summary,전달,재현 클릭 시간 초과 / 확인 보류,https://devdev-e6t.pages.dev/html/erp/?page=document-flow-summary,/erp/documents/create/CI-2026-0708,,,,locator.click: Timeout 3500ms exceeded.,BUTTON|전달||1
문서 만들기,document-flow-summary,전달 내역,재현 클릭 시간 초과 / 확인 보류,https://devdev-e6t.pages.dev/html/erp/?page=document-flow-summary,/erp/documents/create/CI-2026-0708,,,,locator.click: Timeout 3500ms exceeded.,BUTTON|전달 내역||1
문서 만들기,document-flow-summary,동봉 파일,재현 클릭 시간 초과 / 확인 보류,https://devdev-e6t.pages.dev/html/erp/?page=document-flow-summary,/erp/documents/create/CI-2026-0708,,,,locator.click: Timeout 3500ms exceeded.,BUTTON|동봉 파일||1
문서 만들기,document-flow-summary,Magic Link 만들기,재현 클릭 시간 초과 / 확인 보류,https://devdev-e6t.pages.dev/html/erp/?page=document-flow-summary,/erp/documents/create/CI-2026-0708,,,,locator.click: Timeout 3500ms exceeded.,BUTTON|Magic Link 만들기||1
문서 올리기,document-review-page-2,단가 통화 선택,화면·선택값 변화 관찰 / 결과 화면 중복 검토 필요,https://devdev-e6t.pages.dev/html/erp/?page=document-review-page-2,/erp/documents/upload/%EC%9D%B8%EB%B3%B4%EC%9D%B4%EC%8A%A4_2607_003.pdf/review,/erp/documents/upload/%EC%9D%B8%EB%B3%B4%EC%9D%B4%EC%8A%A4_2607_003.pdf/review,,,,BUTTON|단가 통화 선택||1
문서 올리기,document-review-page-2,원문과 비교,180ms 내 변화 없음 / 추가 확인 필요,https://devdev-e6t.pages.dev/html/erp/?page=document-review-page-2,/erp/documents/upload/%EC%9D%B8%EB%B3%B4%EC%9D%B4%EC%8A%A4_2607_003.pdf/review,/erp/documents/upload/%EC%9D%B8%EB%B3%B4%EC%9D%B4%EC%8A%A4_2607_003.pdf/review,,,180ms 후 화면·선택값 변화 없음; 비동기 처리/동일 상태는 별도 확인 필요,BUTTON|원문과 비교||1
문서 올리기,document-review-page-2,합계 금액 통화 선택,화면·선택값 변화 관찰 / 결과 화면 중복 검토 필요,https://devdev-e6t.pages.dev/html/erp/?page=document-review-page-2,/erp/documents/upload/%EC%9D%B8%EB%B3%B4%EC%9D%B4%EC%8A%A4_2607_003.pdf/review,/erp/documents/upload/%EC%9D%B8%EB%B3%B4%EC%9D%B4%EC%8A%A4_2607_003.pdf/review,,,,BUTTON|합계 금액 통화 선택||1
문서 올리기,document-review-page-2,"페이지 목록 열기, 현재 2 / 2 페이지",화면·선택값 변화 관찰 / 결과 화면 중복 검토 필요,https://devdev-e6t.pages.dev/html/erp/?page=document-review-page-2,/erp/documents/upload/%EC%9D%B8%EB%B3%B4%EC%9D%B4%EC%8A%A4_2607_003.pdf/review,/erp/documents/upload/%EC%9D%B8%EB%B3%B4%EC%9D%B4%EC%8A%A4_2607_003.pdf/review,,,,"BUTTON|페이지 목록 열기, 현재 2 / 2 페이지||1"
설정,settings-notifications,,화면·선택값 변화 관찰 / 결과 화면 중복 검토 필요,https://devdev-e6t.pages.dev/html/erp/?page=settings-notifications,/erp/settings,/erp/settings?section=trade-alerts,,,,BUTTON|||1
설정,settings-notifications,알림 설정 저장,화면·선택값 변화 관찰 / 결과 화면 중복 검토 필요,https://devdev-e6t.pages.dev/html/erp/?page=settings-notifications,/erp/settings,/erp/settings?section=trade-alerts,,,,BUTTON|알림 설정 저장||1
문서 만들기,document-flow-reviewed,승인 설정,180ms 내 변화 없음 / 추가 확인 필요,https://devdev-e6t.pages.dev/html/erp/?page=document-flow-reviewed,/erp/documents/create/CI-2026-0708,/erp/documents/create/CI-2026-0708,,,180ms 후 화면·선택값 변화 없음; 비동기 처리/동일 상태는 별도 확인 필요,BUTTON|승인 설정||1
알림,notifications-action-03,미확인0,화면·선택값 변화 관찰 / 결과 화면 중복 검토 필요,https://devdev-e6t.pages.dev/html/erp/?page=notifications-action-03,/erp/notifications,/erp/notifications,,,,BUTTON|미확인0||1
문서 올리기,document-invoice-connect,항목 검토,URL 이동 관찰 / 연결 누락 후보,https://devdev-e6t.pages.dev/html/erp/?page=document-invoice-connect,/erp/documents/upload/%EC%9D%B8%EB%B3%B4%EC%9D%B4%EC%8A%A4_2607_003.pdf/connect,/erp/documents/upload/%EC%9D%B8%EB%B3%B4%EC%9D%B4%EC%8A%A4_2607_003.pdf/review,document-review; document-review-pdf; document-review-page-2; document-review-action-02; document-review-action-03; document-review-action-04; document-review-action-05; document-review-action-06; document-review-action-07; document-review-action-08; document-review-action-09; document-review-action-10,,,BUTTON|항목 검토||1
문서 올리기,document-invoice-connect,새 거래 등록,화면·선택값 변화 관찰 / 결과 화면 중복 검토 필요,https://devdev-e6t.pages.dev/html/erp/?page=document-invoice-connect,/erp/documents/upload/%EC%9D%B8%EB%B3%B4%EC%9D%B4%EC%8A%A4_2607_003.pdf/connect,/erp/documents/upload/%EC%9D%B8%EB%B3%B4%EC%9D%B4%EC%8A%A4_2607_003.pdf/connect,,,,BUTTON|새 거래 등록||1
문서 올리기,document-invoice-connect,"ACME 7월 상업송장 거래은행 제출 전DL-260708-08 · ACME GmbHAluminium Scrap · 20 MT · 2,566,660 USD",180ms 내 변화 없음 / 추가 확인 필요,https://devdev-e6t.pages.dev/html/erp/?page=document-invoice-connect,/erp/documents/upload/%EC%9D%B8%EB%B3%B4%EC%9D%B4%EC%8A%A4_2607_003.pdf/connect,/erp/documents/upload/%EC%9D%B8%EB%B3%B4%EC%9D%B4%EC%8A%A4_2607_003.pdf/connect,,,180ms 후 화면·선택값 변화 없음; 비동기 처리/동일 상태는 별도 확인 필요,"BUTTON|ACME 7월 상업송장 거래은행 제출 전DL-260708-08 · ACME GmbHAluminium Scrap · 20 MT · 2,566,660 USD||1"
문서 만들기,document-flow-reject-form,반려,180ms 내 변화 없음 / 추가 확인 필요,https://devdev-e6t.pages.dev/html/erp/?page=document-flow-reject-form,/erp/documents/create/CI-2026-0708,/erp/documents/create/CI-2026-0708,,,180ms 후 화면·선택값 변화 없음; 비동기 처리/동일 상태는 별도 확인 필요,BUTTON|반려||1
문서 만들기,document-flow-reject-form,승인,화면·선택값 변화 관찰 / 결과 화면 중복 검토 필요,https://devdev-e6t.pages.dev/html/erp/?page=document-flow-reject-form,/erp/documents/create/CI-2026-0708,/erp/documents/create/CI-2026-0708,,,,BUTTON|승인||1
문서 만들기,document-flow-link-copied,철회,화면·선택값 변화 관찰 / 결과 화면 중복 검토 필요,https://devdev-e6t.pages.dev/html/erp/?page=document-flow-link-copied,/erp/documents/create/CI-2026-0708,/erp/documents/create/CI-2026-0708,,,,BUTTON|철회||1
문서 만들기,document-flow-link-copied,삭제,화면·선택값 변화 관찰 / 결과 화면 중복 검토 필요,https://devdev-e6t.pages.dev/html/erp/?page=document-flow-link-copied,/erp/documents/create/CI-2026-0708,/erp/documents/create/CI-2026-0708,,,,BUTTON|삭제||1
문서 만들기,document-create-action-03,화면 권한 전환,화면·선택값 변화 관찰 / 결과 화면 중복 검토 필요,https://devdev-e6t.pages.dev/html/erp/?page=document-create-action-03,/erp/documents/create,/erp/documents/create,,Owner; Admin; Member,,BUTTON|화면 권한 전환||1
문서 만들기,document-create-action-04,이전 출처 파일,180ms 내 변화 없음 / 추가 확인 필요,https://devdev-e6t.pages.dev/html/erp/?page=document-create-action-04,/erp/documents/create,/erp/documents/create,,,180ms 후 화면·선택값 변화 없음; 비동기 처리/동일 상태는 별도 확인 필요,BUTTON|이전 출처 파일||1
문서 만들기,document-create-action-04,다음 출처 파일,180ms 내 변화 없음 / 추가 확인 필요,https://devdev-e6t.pages.dev/html/erp/?page=document-create-action-04,/erp/documents/create,/erp/documents/create,,,180ms 후 화면·선택값 변화 없음; 비동기 처리/동일 상태는 별도 확인 필요,BUTTON|다음 출처 파일||1
문서 만들기,document-create-action-04,매출재사용 가능계약서_안심찬.pdf최근 문서 · 6개 필드우선순위 1거래처 ACME GmbH조건 CIF Hamburg통화 USD,화면·선택값 변화 관찰 / 결과 화면 중복 검토 필요,https://devdev-e6t.pages.dev/html/erp/?page=document-create-action-04,/erp/documents/create,/erp/documents/create,,,,BUTTON|매출재사용 가능계약서_안심찬.pdf최근 문서 · 6개 필드우선순위 1거래처 ACME GmbH조건 CIF Hamburg통화 USD||1
문서 올리기,document-review-action-05,USD,화면·선택값 변화 관찰 / 결과 화면 중복 검토 필요,https://devdev-e6t.pages.dev/html/erp/?page=document-review-action-05,/erp/documents/upload/%EC%9D%B8%EB%B3%B4%EC%9D%B4%EC%8A%A4_2607_003.pdf/review,/erp/documents/upload/%EC%9D%B8%EB%B3%B4%EC%9D%B4%EC%8A%A4_2607_003.pdf/review,,,,BUTTON|USD||1
문서 올리기,document-review-action-05,EUR,화면·선택값 변화 관찰 / 결과 화면 중복 검토 필요,https://devdev-e6t.pages.dev/html/erp/?page=document-review-action-05,/erp/documents/upload/%EC%9D%B8%EB%B3%B4%EC%9D%B4%EC%8A%A4_2607_003.pdf/review,/erp/documents/upload/%EC%9D%B8%EB%B3%B4%EC%9D%B4%EC%8A%A4_2607_003.pdf/review,,,,BUTTON|EUR||1
문서 올리기,document-review-action-05,KRW,화면·선택값 변화 관찰 / 결과 화면 중복 검토 필요,https://devdev-e6t.pages.dev/html/erp/?page=document-review-action-05,/erp/documents/upload/%EC%9D%B8%EB%B3%B4%EC%9D%B4%EC%8A%A4_2607_003.pdf/review,/erp/documents/upload/%EC%9D%B8%EB%B3%B4%EC%9D%B4%EC%8A%A4_2607_003.pdf/review,,,,BUTTON|KRW||1
문서 올리기,document-review-action-05,JPY,화면·선택값 변화 관찰 / 결과 화면 중복 검토 필요,https://devdev-e6t.pages.dev/html/erp/?page=document-review-action-05,/erp/documents/upload/%EC%9D%B8%EB%B3%B4%EC%9D%B4%EC%8A%A4_2607_003.pdf/review,/erp/documents/upload/%EC%9D%B8%EB%B3%B4%EC%9D%B4%EC%8A%A4_2607_003.pdf/review,,,,BUTTON|JPY||1
문서 올리기,document-review-action-05,CNY,화면·선택값 변화 관찰 / 결과 화면 중복 검토 필요,https://devdev-e6t.pages.dev/html/erp/?page=document-review-action-05,/erp/documents/upload/%EC%9D%B8%EB%B3%B4%EC%9D%B4%EC%8A%A4_2607_003.pdf/review,/erp/documents/upload/%EC%9D%B8%EB%B3%B4%EC%9D%B4%EC%8A%A4_2607_003.pdf/review,,,,BUTTON|CNY||1
문서 올리기,document-review-action-10,1페이지로 이동,화면·선택값 변화 관찰 / 결과 화면 중복 검토 필요,https://devdev-e6t.pages.dev/html/erp/?page=document-review-action-10,/erp/documents/upload/%EC%9D%B8%EB%B3%B4%EC%9D%B4%EC%8A%A4_2607_003.pdf/review,/erp/documents/upload/%EC%9D%B8%EB%B3%B4%EC%9D%B4%EC%8A%A4_2607_003.pdf/review,,,,BUTTON|1페이지로 이동||1
문서 올리기,document-review-action-10,2페이지로 이동,화면·선택값 변화 관찰 / 결과 화면 중복 검토 필요,https://devdev-e6t.pages.dev/html/erp/?page=document-review-action-10,/erp/documents/upload/%EC%9D%B8%EB%B3%B4%EC%9D%B4%EC%8A%A4_2607_003.pdf/review,/erp/documents/upload/%EC%9D%B8%EB%B3%B4%EC%9D%B4%EC%8A%A4_2607_003.pdf/review,,,,BUTTON|2페이지로 이동||1
문서 올리기,document-connect-action-04,거래 금액 통화 선택,화면·선택값 변화 관찰 / 결과 화면 중복 검토 필요,https://devdev-e6t.pages.dev/html/erp/?page=document-connect-action-04,/erp/documents/upload/%EC%9D%80%ED%96%89%EA%B1%B0%EB%9E%98%EB%82%B4%EC%97%AD%EC%84%9C_2026-08-27.pdf/connect,/erp/documents/upload/%EC%9D%80%ED%96%89%EA%B1%B0%EB%9E%98%EB%82%B4%EC%97%AD%EC%84%9C_2026-08-27.pdf/review,,,,BUTTON|거래 금액 통화 선택||1
문서 올리기,document-connect-action-07,새 거래 생성·연결,180ms 내 변화 없음 / 추가 확인 필요,https://devdev-e6t.pages.dev/html/erp/?page=document-connect-action-07,/erp/documents/upload/%EC%9D%80%ED%96%89%EA%B1%B0%EB%9E%98%EB%82%B4%EC%97%AD%EC%84%9C_2026-08-27.pdf/connect,/erp/documents/upload/%EC%9D%80%ED%96%89%EA%B1%B0%EB%9E%98%EB%82%B4%EC%97%AD%EC%84%9C_2026-08-27.pdf/connect,,,180ms 후 화면·선택값 변화 없음; 비동기 처리/동일 상태는 별도 확인 필요,BUTTON|새 거래 생성·연결||1
문서 올리기,document-connect-action-08,선택한 거래 연결,화면·선택값 변화 관찰 / 결과 화면 중복 검토 필요,https://devdev-e6t.pages.dev/html/erp/?page=document-connect-action-08,/erp/documents/upload/%EC%9D%80%ED%96%89%EA%B1%B0%EB%9E%98%EB%82%B4%EC%97%AD%EC%84%9C_2026-08-27.pdf/connect,/erp/documents/upload/%EC%9D%80%ED%96%89%EA%B1%B0%EB%9E%98%EB%82%B4%EC%97%AD%EC%84%9C_2026-08-27.pdf/connect,,,,BUTTON|선택한 거래 연결||1
거래,deal-dl-260701-09-action-03,해제,180ms 내 변화 없음 / 추가 확인 필요,https://devdev-e6t.pages.dev/html/erp/?page=deal-dl-260701-09-action-03,/erp/deals/DL-260701-09,/erp/deals/DL-260701-09,,,180ms 후 화면·선택값 변화 없음; 비동기 처리/동일 상태는 별도 확인 필요,BUTTON|해제||1
거래,deal-dl-260701-09-action-03,,화면·선택값 변화 관찰 / 결과 화면 중복 검토 필요,https://devdev-e6t.pages.dev/html/erp/?page=deal-dl-260701-09-action-03,/erp/deals/DL-260701-09,/erp/deals/DL-260701-09,,직원 선택; 이민지; 최유진; 오세훈,,BUTTON|||1
거래,deal-dl-260701-09-action-12,SOA월 정산 명세서SOA-2026-0629.pdf · 정산서공유 완료,180ms 내 변화 없음 / 추가 확인 필요,https://devdev-e6t.pages.dev/html/erp/?page=deal-dl-260701-09-action-12,/erp/deals/DL-260701-09,/erp/deals/DL-260701-09,,,180ms 후 화면·선택값 변화 없음; 비동기 처리/동일 상태는 별도 확인 필요,BUTTON|SOA월 정산 명세서SOA-2026-0629.pdf · 정산서공유 완료||1
거래,deal-dl-260701-09-action-12,POPO-260704-18.pdf발주서 · 수신보유,화면·선택값 변화 관찰 / 결과 화면 중복 검토 필요,https://devdev-e6t.pages.dev/html/erp/?page=deal-dl-260701-09-action-12,/erp/deals/DL-260701-09,/erp/deals/DL-260701-09,,,,BUTTON|POPO-260704-18.pdf발주서 · 수신보유||1
거래,deal-dl-260701-09-action-12,SCSC-2026-0708.pdf판매계약서 · 발행발행,화면·선택값 변화 관찰 / 결과 화면 중복 검토 필요,https://devdev-e6t.pages.dev/html/erp/?page=deal-dl-260701-09-action-12,/erp/deals/DL-260701-09,/erp/deals/DL-260701-09,,,,BUTTON|SCSC-2026-0708.pdf판매계약서 · 발행발행||1
거래,deal-dl-260701-09-action-12,CIInvoice_HB-2607-003.pdf상업송장 · 수신보유,화면·선택값 변화 관찰 / 결과 화면 중복 검토 필요,https://devdev-e6t.pages.dev/html/erp/?page=deal-dl-260701-09-action-12,/erp/deals/DL-260701-09,/erp/deals/DL-260701-09,,,,BUTTON|CIInvoice_HB-2607-003.pdf상업송장 · 수신보유||1
거래,deal-dl-260701-09-action-12,PLPackingList_0707.pdf포장명세서 · 수신보유,화면·선택값 변화 관찰 / 결과 화면 중복 검토 필요,https://devdev-e6t.pages.dev/html/erp/?page=deal-dl-260701-09-action-12,/erp/deals/DL-260701-09,/erp/deals/DL-260701-09,,,,BUTTON|PLPackingList_0707.pdf포장명세서 · 수신보유||1
거래,deal-dl-260701-09-action-12,COCertificate_Origin_0708.pdf원산지증명서 · 수신보유,화면·선택값 변화 관찰 / 결과 화면 중복 검토 필요,https://devdev-e6t.pages.dev/html/erp/?page=deal-dl-260701-09-action-12,/erp/deals/DL-260701-09,/erp/deals/DL-260701-09,,,,BUTTON|COCertificate_Origin_0708.pdf원산지증명서 · 수신보유||1
거래,deal-dl-260701-09-action-12,ICCargo_Insurance_0708.pdf보험증권 · 수신보유,화면·선택값 변화 관찰 / 결과 화면 중복 검토 필요,https://devdev-e6t.pages.dev/html/erp/?page=deal-dl-260701-09-action-12,/erp/deals/DL-260701-09,/erp/deals/DL-260701-09,,,,BUTTON|ICCargo_Insurance_0708.pdf보험증권 · 수신보유||1
거래,deal-dl-260701-09-action-12,QCInspection_Report_0706.pdf검사성적서 · 업로드검토,화면·선택값 변화 관찰 / 결과 화면 중복 검토 필요,https://devdev-e6t.pages.dev/html/erp/?page=deal-dl-260701-09-action-12,/erp/deals/DL-260701-09,/erp/deals/DL-260701-09,,,,BUTTON|QCInspection_Report_0706.pdf검사성적서 · 업로드검토||1
거래,deal-dl-260701-09-action-12,전달 준비,URL 이동 관찰 / 연결 누락 후보,https://devdev-e6t.pages.dev/html/erp/?page=deal-dl-260701-09-action-12,/erp/deals/DL-260701-09,/erp/documents/create/SOA-2026-0629,,,,BUTTON|전달 준비||1
거래,deal-dl-260701-09-action-15,MT,화면·선택값 변화 관찰 / 결과 화면 중복 검토 필요,https://devdev-e6t.pages.dev/html/erp/?page=deal-dl-260701-09-action-15,/erp/deals/DL-260701-09,/erp/deals/DL-260701-09,,MT; KG; EA,,BUTTON|MT||1
거래,deal-dl-260701-09-action-15,bundles,화면·선택값 변화 관찰 / 결과 화면 중복 검토 필요,https://devdev-e6t.pages.dev/html/erp/?page=deal-dl-260701-09-action-15,/erp/deals/DL-260701-09,/erp/deals/DL-260701-09,,bundles; cartons; pallets,,BUTTON|bundles||1
거래,deal-dl-260701-09-action-15,KG,화면·선택값 변화 관찰 / 결과 화면 중복 검토 필요,https://devdev-e6t.pages.dev/html/erp/?page=deal-dl-260701-09-action-15,/erp/deals/DL-260701-09,/erp/deals/DL-260701-09,,KG; MT; LB,,BUTTON|KG||1
거래,deal-dl-260701-09-action-15,문서별 값 4개,화면·선택값 변화 관찰 / 결과 화면 중복 검토 필요,https://devdev-e6t.pages.dev/html/erp/?page=deal-dl-260701-09-action-15,/erp/deals/DL-260701-09,/erp/deals/DL-260701-09,,,,BUTTON|문서별 값 4개||1
거래,deal-dl-260701-09-action-15,문서별 값 3개,화면·선택값 변화 관찰 / 결과 화면 중복 검토 필요,https://devdev-e6t.pages.dev/html/erp/?page=deal-dl-260701-09-action-15,/erp/deals/DL-260701-09,/erp/deals/DL-260701-09,,,,BUTTON|문서별 값 3개||1
거래,deal-dl-260701-09-action-15,거래 서류전체 7건,화면·선택값 변화 관찰 / 결과 화면 중복 검토 필요,https://devdev-e6t.pages.dev/html/erp/?page=deal-dl-260701-09-action-15,/erp/deals/DL-260701-09,/erp/deals/DL-260701-09,,,,BUTTON|거래 서류전체 7건||1
거래,deal-dl-260701-09-action-15,판매계약서 보유,180ms 내 변화 없음 / 추가 확인 필요,https://devdev-e6t.pages.dev/html/erp/?page=deal-dl-260701-09-action-15,/erp/deals/DL-260701-09,/erp/deals/DL-260701-09,,,180ms 후 화면·선택값 변화 없음; 비동기 처리/동일 상태는 별도 확인 필요,BUTTON|판매계약서 보유||1
거래,deal-dl-260701-09-action-15,발주서 보유,화면·선택값 변화 관찰 / 결과 화면 중복 검토 필요,https://devdev-e6t.pages.dev/html/erp/?page=deal-dl-260701-09-action-15,/erp/deals/DL-260701-09,/erp/deals/DL-260701-09,,,,BUTTON|발주서 보유||1
거래,deal-dl-260701-09-action-15,상업송장 보유,화면·선택값 변화 관찰 / 결과 화면 중복 검토 필요,https://devdev-e6t.pages.dev/html/erp/?page=deal-dl-260701-09-action-15,/erp/deals/DL-260701-09,/erp/deals/DL-260701-09,,,,BUTTON|상업송장 보유||1
거래,deal-dl-260701-09-action-15,포장명세서 보유,화면·선택값 변화 관찰 / 결과 화면 중복 검토 필요,https://devdev-e6t.pages.dev/html/erp/?page=deal-dl-260701-09-action-15,/erp/deals/DL-260701-09,/erp/deals/DL-260701-09,,,,BUTTON|포장명세서 보유||1
거래,deal-dl-260701-09-action-15,선하증권 미비,화면·선택값 변화 관찰 / 결과 화면 중복 검토 필요,https://devdev-e6t.pages.dev/html/erp/?page=deal-dl-260701-09-action-15,/erp/deals/DL-260701-09,/erp/deals/DL-260701-09,,,,BUTTON|선하증권 미비||1
거래,deal-dl-260701-09-action-15,기타 서류 3건,화면·선택값 변화 관찰 / 결과 화면 중복 검토 필요,https://devdev-e6t.pages.dev/html/erp/?page=deal-dl-260701-09-action-15,/erp/deals/DL-260701-09,/erp/deals/DL-260701-09,,,,BUTTON|기타 서류 3건||1
거래,deal-dl-260701-09-action-15,품목 관계,화면·선택값 변화 관찰 / 결과 화면 중복 검토 필요,https://devdev-e6t.pages.dev/html/erp/?page=deal-dl-260701-09-action-15,/erp/deals/DL-260701-09,/erp/deals/DL-260701-09,,,,BUTTON|품목 관계||1
거래,deal-dl-260701-09-action-15,서류 준비 기한,화면·선택값 변화 관찰 / 결과 화면 중복 검토 필요,https://devdev-e6t.pages.dev/html/erp/?page=deal-dl-260701-09-action-15,/erp/deals/DL-260701-09,/erp/deals/DL-260701-09,,,,BUTTON|서류 준비 기한||1
거래,deal-dl-260701-09-action-15,거래 연결 해제,화면·선택값 변화 관찰 / 결과 화면 중복 검토 필요,https://devdev-e6t.pages.dev/html/erp/?page=deal-dl-260701-09-action-15,/erp/deals/DL-260701-09,/erp/deals/DL-260701-09,,,,BUTTON|거래 연결 해제||1
거래,deal-dl-260701-09-action-15,"페이지 목록 열기, 현재 1 / 2 페이지",화면·선택값 변화 관찰 / 결과 화면 중복 검토 필요,https://devdev-e6t.pages.dev/html/erp/?page=deal-dl-260701-09-action-15,/erp/deals/DL-260701-09,/erp/deals/DL-260701-09,,,,"BUTTON|페이지 목록 열기, 현재 1 / 2 페이지||1"
거래,deal-dl-260701-09-action-15,다음 페이지,화면·선택값 변화 관찰 / 결과 화면 중복 검토 필요,https://devdev-e6t.pages.dev/html/erp/?page=deal-dl-260701-09-action-15,/erp/deals/DL-260701-09,/erp/deals/DL-260701-09,,,,BUTTON|다음 페이지||1
거래,deal-dl-260701-09-action-16,품목별 수량,화면·선택값 변화 관찰 / 결과 화면 중복 검토 필요,https://devdev-e6t.pages.dev/html/erp/?page=deal-dl-260701-09-action-16,/erp/deals/DL-260701-09,/erp/deals/DL-260701-09,,,,BUTTON|품목별 수량||1
거래,deal-dl-260701-09-action-16,완료 마감,화면·선택값 변화 관찰 / 결과 화면 중복 검토 필요,https://devdev-e6t.pages.dev/html/erp/?page=deal-dl-260701-09-action-16,/erp/deals/DL-260701-09,/erp/deals/DL-260701-09,,,,BUTTON|완료 마감||1
거래,deal-dl-260701-09-action-16,미달 마감,화면·선택값 변화 관찰 / 결과 화면 중복 검토 필요,https://devdev-e6t.pages.dev/html/erp/?page=deal-dl-260701-09-action-16,/erp/deals/DL-260701-09,/erp/deals/DL-260701-09,,,,BUTTON|미달 마감||1
거래,deal-dl-260701-09-action-16,단가 수정,화면·선택값 변화 관찰 / 결과 화면 중복 검토 필요,https://devdev-e6t.pages.dev/html/erp/?page=deal-dl-260701-09-action-16,/erp/deals/DL-260701-09,/erp/deals/DL-260701-09,,,,BUTTON|단가 수정||1
거래,deal-dl-260701-09-action-16,보기,화면·선택값 변화 관찰 / 결과 화면 중복 검토 필요,https://devdev-e6t.pages.dev/html/erp/?page=deal-dl-260701-09-action-16,/erp/deals/DL-260701-09,/erp/deals/DL-260701-09,,,,BUTTON|보기||1
거래,deal-dl-260701-09-action-16,SNAP 연결,화면·선택값 변화 관찰 / 결과 화면 중복 검토 필요,https://devdev-e6t.pages.dev/html/erp/?page=deal-dl-260701-09-action-16,/erp/deals/DL-260701-09,/erp/deals/DL-260701-09,,,,BUTTON|SNAP 연결||1
거래,deal-dl-260701-09-action-16,새로고침,화면·선택값 변화 관찰 / 결과 화면 중복 검토 필요,https://devdev-e6t.pages.dev/html/erp/?page=deal-dl-260701-09-action-16,/erp/deals/DL-260701-09,/erp/deals/DL-260701-09,,,,BUTTON|새로고침||1
거래,deal-dl-260701-09-action-16,B/L 014W-01 일정 07.20부터 08.03까지,180ms 내 변화 없음 / 추가 확인 필요,https://devdev-e6t.pages.dev/html/erp/?page=deal-dl-260701-09-action-16,/erp/deals/DL-260701-09,/erp/deals/DL-260701-09,,,180ms 후 화면·선택값 변화 없음; 비동기 처리/동일 상태는 별도 확인 필요,BUTTON|B/L 014W-01 일정 07.20부터 08.03까지||1
거래,deal-dl-260701-09-action-16,B/L 014W-02 일정 07.27부터 08.11까지,180ms 내 변화 없음 / 추가 확인 필요,https://devdev-e6t.pages.dev/html/erp/?page=deal-dl-260701-09-action-16,/erp/deals/DL-260701-09,/erp/deals/DL-260701-09,,,180ms 후 화면·선택값 변화 없음; 비동기 처리/동일 상태는 별도 확인 필요,BUTTON|B/L 014W-02 일정 07.27부터 08.11까지||1
거래,deal-dl-260701-09-action-16,B/L 014W-03 일정 07.22부터 10.17까지,180ms 내 변화 없음 / 추가 확인 필요,https://devdev-e6t.pages.dev/html/erp/?page=deal-dl-260701-09-action-16,/erp/deals/DL-260701-09,/erp/deals/DL-260701-09,,,180ms 후 화면·선택값 변화 없음; 비동기 처리/동일 상태는 별도 확인 필요,BUTTON|B/L 014W-03 일정 07.22부터 10.17까지||1
거래,deal-dl-260701-09-action-17,추가,화면·선택값 변화 관찰 / 결과 화면 중복 검토 필요,https://devdev-e6t.pages.dev/html/erp/?page=deal-dl-260701-09-action-17,/erp/deals/DL-260701-09,/erp/deals/DL-260701-09,,,,BUTTON|추가||1
거래,deal-dl-260701-09-action-17,매도자 등록 거래처 연결,화면·선택값 변화 관찰 / 결과 화면 중복 검토 필요,https://devdev-e6t.pages.dev/html/erp/?page=deal-dl-260701-09-action-17,/erp/deals/DL-260701-09,/erp/deals/DL-260701-09,,,,BUTTON|매도자 등록 거래처 연결||1
거래,deal-dl-260701-09-action-17,당사자 편집,화면·선택값 변화 관찰 / 결과 화면 중복 검토 필요,https://devdev-e6t.pages.dev/html/erp/?page=deal-dl-260701-09-action-17,/erp/deals/DL-260701-09,/erp/deals/DL-260701-09,,,,BUTTON|당사자 편집||1
거래,deal-dl-260701-09-action-17,당사자 삭제,화면·선택값 변화 관찰 / 결과 화면 중복 검토 필요,https://devdev-e6t.pages.dev/html/erp/?page=deal-dl-260701-09-action-17,/erp/deals/DL-260701-09,/erp/deals/DL-260701-09,,,,BUTTON|당사자 삭제||1
거래,deal-dl-260701-09-action-17,매수자 등록 거래처 연결,화면·선택값 변화 관찰 / 결과 화면 중복 검토 필요,https://devdev-e6t.pages.dev/html/erp/?page=deal-dl-260701-09-action-17,/erp/deals/DL-260701-09,/erp/deals/DL-260701-09,,,,BUTTON|매수자 등록 거래처 연결||1
거래,deal-dl-260701-09-action-17,송하인 등록 거래처 연결,화면·선택값 변화 관찰 / 결과 화면 중복 검토 필요,https://devdev-e6t.pages.dev/html/erp/?page=deal-dl-260701-09-action-17,/erp/deals/DL-260701-09,/erp/deals/DL-260701-09,,,,BUTTON|송하인 등록 거래처 연결||1
거래,deal-dl-260701-09-action-17,수하인 등록 거래처 연결,화면·선택값 변화 관찰 / 결과 화면 중복 검토 필요,https://devdev-e6t.pages.dev/html/erp/?page=deal-dl-260701-09-action-17,/erp/deals/DL-260701-09,/erp/deals/DL-260701-09,,,,BUTTON|수하인 등록 거래처 연결||1
거래,deal-dl-260701-09-action-17,은행 등록 거래처 연결,화면·선택값 변화 관찰 / 결과 화면 중복 검토 필요,https://devdev-e6t.pages.dev/html/erp/?page=deal-dl-260701-09-action-17,/erp/deals/DL-260701-09,/erp/deals/DL-260701-09,,,,BUTTON|은행 등록 거래처 연결||1
거래,deal-dl-260701-09-action-17,연결,화면·선택값 변화 관찰 / 결과 화면 중복 검토 필요,https://devdev-e6t.pages.dev/html/erp/?page=deal-dl-260701-09-action-17,/erp/deals/DL-260701-09,/erp/deals/DL-260701-09,,,,BUTTON|연결||1
문서 만들기,document-create-qt-action-04,문서에서 찾기,화면·선택값 변화 관찰 / 결과 화면 중복 검토 필요,https://devdev-e6t.pages.dev/html/erp/?page=document-create-qt-action-04,/erp/documents/create,/erp/documents/create,,,,BUTTON|문서에서 찾기||1
문서 만들기,document-create-qt-action-04,전체 7,180ms 내 변화 없음 / 추가 확인 필요,https://devdev-e6t.pages.dev/html/erp/?page=document-create-qt-action-04,/erp/documents/create,/erp/documents/create,,,180ms 후 화면·선택값 변화 없음; 비동기 처리/동일 상태는 별도 확인 필요,BUTTON|전체 7||1
문서 만들기,document-create-qt-action-04,작성 중 4,화면·선택값 변화 관찰 / 결과 화면 중복 검토 필요,https://devdev-e6t.pages.dev/html/erp/?page=document-create-qt-action-04,/erp/documents/create,/erp/documents/create,,,,BUTTON|작성 중 4||1
문서 만들기,document-create-qt-action-04,확정 2,화면·선택값 변화 관찰 / 결과 화면 중복 검토 필요,https://devdev-e6t.pages.dev/html/erp/?page=document-create-qt-action-04,/erp/documents/create,/erp/documents/create,,,,BUTTON|확정 2||1
문서 만들기,document-create-qt-action-04,발송됨 1,화면·선택값 변화 관찰 / 결과 화면 중복 검토 필요,https://devdev-e6t.pages.dev/html/erp/?page=document-create-qt-action-04,/erp/documents/create,/erp/documents/create,,,,BUTTON|발송됨 1||1
문서 만들기,document-create-qt-action-04,이어쓰기,URL 이동 관찰 / 연결 누락 후보,https://devdev-e6t.pages.dev/html/erp/?page=document-create-qt-action-04,/erp/documents/create,/erp/documents/create/SC-2026-0708,,,,BUTTON|이어쓰기|계약서표준 매매계약서 초안SC-2026-0708거래처 ACME GmbH조건 CIF Hamburg미연결작성 중거래 연결 필요박서윤오늘 09:42이어쓰기|1
문서 만들기,document-create-qt-action-04,표준 매매계약서 초안 메뉴,화면·선택값 변화 관찰 / 결과 화면 중복 검토 필요,https://devdev-e6t.pages.dev/html/erp/?page=document-create-qt-action-04,/erp/documents/create,/erp/documents/create,,,,BUTTON|표준 매매계약서 초안 메뉴|계약서표준 매매계약서 초안SC-2026-0708거래처 ACME GmbH조건 CIF Hamburg미연결작성 중거래 연결 필요박서윤오늘 09:42이어쓰기|1
문서 만들기,document-create-qt-action-04,은행 제출용 상업송장 초안 PDF 초안 보기,URL 이동 관찰 / 연결 누락 후보,https://devdev-e6t.pages.dev/html/erp/?page=document-create-qt-action-04,/erp/documents/create,/erp/documents/create/CI-2026-0708,document-flow-draft; document-flow-reviewed; document-flow-approver-picker; document-flow-approvers-selected; document-flow-pending; document-flow-requester-pending; document-flow-admin-pending; document-flow-reject-form; document-flow-reject-ready; document-flow-rejected; document-flow-requester-rejected; document-flow-approved; document-flow-requester-approved; document-flow-confirmed; document-flow-summary; document-flow-link-created; document-flow-link-copied; document-flow-link-revoked; document-flow-link-deleted; document-flow-attachment-picker; document-flow-attachment-added; document-flow-history-empty; document-flow-history; document-flow-history-revoked,,,BUTTON|은행 제출용 상업송장 초안 PDF 초안 보기|인보이스은행 제출용 상업송장 초안CI-2026-0708은행 거절 전 점검거래 연결됨DL-260708-08작성 중은행 거절 전 점검 통과김도현오늘 09:36이어쓰기|1
문서 만들기,document-create-qt-action-04,은행 제출용 상업송장 초안 메뉴,화면·선택값 변화 관찰 / 결과 화면 중복 검토 필요,https://devdev-e6t.pages.dev/html/erp/?page=document-create-qt-action-04,/erp/documents/create,/erp/documents/create,,,,BUTTON|은행 제출용 상업송장 초안 메뉴|인보이스은행 제출용 상업송장 초안CI-2026-0708은행 거절 전 점검거래 연결됨DL-260708-08작성 중은행 거절 전 점검 통과김도현오늘 09:36이어쓰기|1
문서 만들기,document-create-qt-action-04,은행 제출용 상업송장 점검 필요 메뉴,화면·선택값 변화 관찰 / 결과 화면 중복 검토 필요,https://devdev-e6t.pages.dev/html/erp/?page=document-create-qt-action-04,/erp/documents/create,/erp/documents/create,,,,BUTTON|은행 제출용 상업송장 점검 필요 메뉴|인보이스은행 제출용 상업송장 점검 필요CI-2026-0712은행 거절 전 점검거래처명 불일치DL-260708-01작성 중거절 위험 1건 · 거래처명 불일치조민영오늘 09:31이어쓰기|1
문서 만들기,document-create-qt-action-04,수출 인보이스 메뉴,화면·선택값 변화 관찰 / 결과 화면 중복 검토 필요,https://devdev-e6t.pages.dev/html/erp/?page=document-create-qt-action-04,/erp/documents/create,/erp/documents/create,,,,BUTTON|수출 인보이스 메뉴|인보이스수출 인보이스CI-2026-0703품목 Aluminium Scrap수량 20 MTDL-260708-01확정전달 준비조민영오늘 09:24고객 전달|1
문서 만들기,document-create-qt-action-04,해상운송 견적서 메뉴,화면·선택값 변화 관찰 / 결과 화면 중복 검토 필요,https://devdev-e6t.pages.dev/html/erp/?page=document-create-qt-action-04,/erp/documents/create,/erp/documents/create,,,,BUTTON|해상운송 견적서 메뉴|견적서해상운송 견적서QT-2026-0630운임 Hamburg선사 HMMDL-260625-07작성 중ETA 필요알 수 없음어제 17:42이어쓰기|1
문서 만들기,document-create-qt-action-04,상업송장 고객 전달 메뉴,화면·선택값 변화 관찰 / 결과 화면 중복 검토 필요,https://devdev-e6t.pages.dev/html/erp/?page=document-create-qt-action-04,/erp/documents/create,/erp/documents/create,,,,BUTTON|상업송장 고객 전달 메뉴|인보이스상업송장 고객 전달CI-2026-0704Magic Link 활성이메일 전달 전DL-260708-01확정Magic Link 활성 · 미발송박서윤08.27 16:08고객 전달|1
문서 만들기,document-create-qt-action-04,월 정산 명세서 메뉴,화면·선택값 변화 관찰 / 결과 화면 중복 검토 필요,https://devdev-e6t.pages.dev/html/erp/?page=document-create-qt-action-04,/erp/documents/create,/erp/documents/create,,,,BUTTON|월 정산 명세서 메뉴|정산서월 정산 명세서SOA-2026-0629정산 6월미수금 없음DL-260701-09발송됨이메일 전달 완료김도현08.26 14:32고객 전달|1
문서 만들기,document-create-qt-action-04,1페이지,180ms 내 변화 없음 / 추가 확인 필요,https://devdev-e6t.pages.dev/html/erp/?page=document-create-qt-action-04,/erp/documents/create,/erp/documents/create,,,180ms 후 화면·선택값 변화 없음; 비동기 처리/동일 상태는 별도 확인 필요,BUTTON|1페이지||1
문서 만들기,document-create-qt-action-04,페이지당,화면·선택값 변화 관찰 / 결과 화면 중복 검토 필요,https://devdev-e6t.pages.dev/html/erp/?page=document-create-qt-action-04,/erp/documents/create,/erp/documents/create,,10개; 20개; 50개,,BUTTON|페이지당||1
문서 만들기,document-create-qt-action-07,항목에 반영,화면·선택값 변화 관찰 / 결과 화면 중복 검토 필요,https://devdev-e6t.pages.dev/html/erp/?page=document-create-qt-action-07,/erp/documents/create,/erp/documents/create,,,,BUTTON|항목에 반영||1
문서 만들기,document-create-qt-action-07,문서함 1,화면·선택값 변화 관찰 / 결과 화면 중복 검토 필요,https://devdev-e6t.pages.dev/html/erp/?page=document-create-qt-action-07,/erp/documents/create,/erp/documents/create,,,,BUTTON|문서함 1||1
문서 만들기,document-flow-approver-picker,김도현Admin,화면·선택값 변화 관찰 / 결과 화면 중복 검토 필요,https://devdev-e6t.pages.dev/html/erp/?page=document-flow-approver-picker,/erp/documents/create/CI-2026-0708,/erp/documents/create/CI-2026-0708,,,,BUTTON|김도현Admin||1
문서 만들기,document-flow-approver-picker,김민지Admin,화면·선택값 변화 관찰 / 결과 화면 중복 검토 필요,https://devdev-e6t.pages.dev/html/erp/?page=document-flow-approver-picker,/erp/documents/create/CI-2026-0708,/erp/documents/create/CI-2026-0708,,,,BUTTON|김민지Admin||1
문서 만들기,document-flow-attachment-added,PackingList_0707.pdf 제거,화면·선택값 변화 관찰 / 결과 화면 중복 검토 필요,https://devdev-e6t.pages.dev/html/erp/?page=document-flow-attachment-added,/erp/documents/create/CI-2026-0708,/erp/documents/create/CI-2026-0708,,,,BUTTON|PackingList_0707.pdf 제거||1
문서 만들기,document-flow-requester-rejected,사유 확인,화면·선택값 변화 관찰 / 결과 화면 중복 검토 필요,https://devdev-e6t.pages.dev/html/erp/?page=document-flow-requester-rejected,/erp/documents/create/CI-2026-0708,/erp/documents/create/CI-2026-0708,,,,BUTTON|사유 확인||1
문서 만들기,document-flow-requester-rejected,승인 재요청,화면·선택값 변화 관찰 / 결과 화면 중복 검토 필요,https://devdev-e6t.pages.dev/html/erp/?page=document-flow-requester-rejected,/erp/documents/create/CI-2026-0708,/erp/documents/create/CI-2026-0708,,,,BUTTON|승인 재요청||1
문서 만들기,document-flow-requester-approved,문서 확정,화면·선택값 변화 관찰 / 결과 화면 중복 검토 필요,https://devdev-e6t.pages.dev/html/erp/?page=document-flow-requester-approved,/erp/documents/create/CI-2026-0708,/erp/documents/create/CI-2026-0708,,,,BUTTON|문서 확정||1
